<config>

	<!--Bag staying time-->
	<set xpath="/entity_classes/entity_class[starts-with(@name, 'EntityLootContainer')]/property[@name='TimeStayAfterDeath']/@value">2400</set>
	<!-- Base Zombies -->
	<set xpath="/entity_classes/entity_class[starts-with(@name, 'zombieTemplate')]/property[@name='LootDropProb']/@value">0.08</set> <!--was 0.2 -->
	<!-- Ferals -->
	<set xpath="/entity_classes/entity_class[contains(@name, 'Feral')]/property[@name='LootDropProb']/@value">0.09</set> <!--was 0.3 -->
	<!-- Radiated -->
	<append xpath="/entity_classes/entity_class[contains(@name, 'Radiated')]">
		<property name="LootDropProb" value="0.12"/> <!--Did not exist, extended Feral -->
	</append>
	
</config>
