<config>
	<append xpath="recipes">

		<recipe name="ammoArrowIron" count="1">
			<ingredient name="resourceArrowHeadIron" count="1"/>
			<ingredient name="resourceWood" count="1"/>
			<ingredient name="resourceCloth" count="2"/>
		</recipe>
		
		<recipe name="ammoArrowStone" count="1">
			<ingredient name="resourceRockSmall" count="1"/>
			<ingredient name="resourceWood" count="1"/>
			<ingredient name="resourceCloth" count="2"/>
		</recipe>
		
		<recipe name="ammoCrossbowBoltStone" count="1">
			<ingredient name="resourceRockSmall" count="1"/>
			<ingredient name="resourceWood" count="1"/>
			<ingredient name="resourceCloth" count="2"/>
		</recipe>
		
		<recipe name="ammoCrossbowBoltIron" count="1">
			<ingredient name="resourceArrowHeadIron" count="1"/>
			<ingredient name="resourceWood" count="1"/>
			<ingredient name="resourceCloth" count="2"/>
		</recipe>

	</append>
</config>