<config>
<!-- Do NOT use spawninwaves, it causes some MASSIVE FPS loss.  To check: Does horde night use spawninwave?  If so can I change that easily?-->
	<set xpath="/spawning/biome[@name='pine_forest']">
	
		<spawn maxcount="16" totalalive="2" totalperwave="1" respawndelay="2" time="Any" entitygroup="ZombiesAll" tags="wilderness"/>
		<spawn maxcount="16" totalalive="3" totalperwave="1"  respawndelay="2" time="Any" entitygroup="ZombiesAll" tags="commercial,industrial" notags="downtown, ZombiesNight"/>
		<spawn maxcount="8"  totalalive="2" totalperwave="1" respawndelay="2" time="Any" entitygroup="ZombiesAll" tags="residential,rural,gateway,countryresidential,countrytown,oldwest"/>
		<spawn maxcount="16"  totalalive="3" totalperwave="1" respawndelay="2" time="Any" entitygroup="ZombiesAll" tags="downtown"/>
		<spawn maxcount="4" totalalive="2" totalperwave="2" respawndelay="2" time="Any" entitygroup="WildGameForest" spawnDeadChance="0" notags="commercial,industrial,downtown,countryresidential,countrytown,residential"/>
		<spawn maxcount="4" totalalive="1" totalperwave="2" respawndelay="2" time="Any" entitygroup="EnemyAnimalsForest" spawnDeadChance="0" notags="commercial,industrial,downtown,countryresidential,countrytown,residential"/>
		
	</set>
	<!-- Disabling.  I know navezgane has a burnt zone still.
	<set xpath="/spawning/biome[@name='burnt_forest']">
		<spawn maxcount="16" respawndelay="1" time="Any" entitygroup="ZombiesBurntForest" tags="wilderness"/>
		<spawn maxcount="16"  respawndelay="1" time="Any" entitygroup="ZombiesNight" tags="wilderness"/>
		
		<spawn maxcount="16"  respawndelay="0.5" time="Any" entitygroup="ZombiesBurntForest" tags="commercial,industrial" notags="downtown"/>
		<spawn maxcount="16"  respawndelay="0.3" time="Any" entitygroup="ZombiesNight" tags="commercial,industrial" notags="downtown"/>
			
		<spawn maxcount="8" respawndelay="4" time="Any" entitygroup="ZombiesAll" tags="residential,rural,gateway,countryresidential,countrytown,oldwest"/>
		<spawn maxcount="8" respawndelay="4" time="Any" entitygroup="ZombiesNight" tags="residential,rural,gateway,countryresidential,countrytown,oldwest"/>

		<spawn maxcount="16"  respawndelay="0.3" time="Any" entitygroup="ZombiesDowntown" tags="downtown"/>
		<spawn maxcount="16"  respawndelay="0.2" time="Any" entitygroup="ZombiesDowntown" tags="downtown"/>

		<spawn maxcount="4" respawndelay="1" time="Any" entitygroup="WildGameForest" spawnDeadChance="0" notags="commercial,industrial,downtown,countryresidential,countrytown,residential"/>
		<spawn maxcount="4" respawndelay="1.1" time="Any" entitygroup="EnemyAnimalsForest" spawnDeadChance="0" notags="commercial,industrial,downtown,countryresidential,countrytown,residential"/>
	</set>
	-->
	<set xpath="/spawning/biome[@name='desert']">
		<spawn maxcount="16" totalalive="2" totalperwave="1" respawndelay="1" time="Any" entitygroup="ZombiesAll" tags="wilderness"/>
		<spawn maxcount="16" totalalive="2" totalperwave="1" respawndelay="1" time="Any" entitygroup="ZombiesNight" tags="wilderness"/>
					<!-- new whole day zombies, city only -->
		<spawn maxcount="16" totalalive="3" totalperwave="1"  respawndelay="2" time="Any" entitygroup="ZombiesAll" tags="commercial,industrial" notags="downtown"/>
		<spawn maxcount="8" totalalive="2" totalperwave="1"  respawndelay="2" time="Any" entitygroup="ZombiesAll" tags="residential,rural,gateway,countryresidential,countrytown,oldwest"/>
		<spawn maxcount="16" totalalive="3" totalperwave="1"  respawndelay="2" time="Any" entitygroup="ZombiesAll" tags="downtown"/>

		<spawn maxcount="4" totalalive="2" totalperwave="1" respawndelay="1" time="Any" entitygroup="WildGameForest" spawnDeadChance="0" notags="commercial,industrial,downtown,countryresidential,countrytown,residential"/>
		<spawn maxcount="4" totalalive="3" totalperwave="1" respawndelay="1" time="Any" entitygroup="EnemyAnimalsDesert" spawnDeadChance="0" notags="commercial,industrial,downtown,countryresidential,countrytown,residential"/>
	</set>
		
	<set xpath="/spawning/biome[@name='snow']">
		<spawn maxcount="16" totalalive="3" totalperwave="1"  respawndelay="2"  time="Any" entitygroup="ZombiesAll" tags="wilderness"/>
		<spawn maxcount="16" totalalive="4" totalperwave="1"  respawndelay="2"  time="Any" entitygroup="ZombiesAll" tags="commercial,industrial" notags="downtown"/>
		<spawn maxcount="16" totalalive="3" totalperwave="1"  respawndelay="2"  time="Any" entitygroup="ZombiesAll" tags="residential,rural,gateway,countryresidential,countrytown,oldwest"/>
		<spawn maxcount="16" totalalive="4" totalperwave="1"  respawndelay="2"  time="Any" entitygroup="ZombiesAll" tags="downtown"/>

		<spawn maxcount="4" totalalive="2" totalperwave="1"   respawndelay="1" time="Any" entitygroup="WildGameForest" spawnDeadChance="0" notags="commercial,industrial,downtown,countryresidential,countrytown,residential"/>
		<spawn maxcount="1" totalalive="1" totalperwave="1"   respawndelay="1" time="Any" entitygroup="EnemyAnimalsSnow" spawnDeadChance="0" notags="commercial,industrial,downtown,countryresidential,countrytown,residential"/>
	</set>
	
	<set xpath="/spawning/biome[@name='wasteland']">
		<spawn maxcount="16"  totalalive="4" totalperwave="1"  respawndelay="2" time="Any" entitygroup="ZombiesWasteland" tags="wilderness"/>
		
		<spawn maxcount="16"  totalalive="4" totalperwave="1"  respawndelay="2" time="Any" entitygroup="ZombiesWasteland" tags="commercial,industrial" notags="downtown"/>
		<spawn maxcount="16"  totalalive="4" totalperwave="1"  respawndelay="2" time="Any" entitygroup="ZombiesWasteland" tags="residential,rural,gateway,countryresidential,countrytown,oldwest"/>
		<spawn maxcount="16"  totalalive="4" totalperwave="1"  respawndelay="2" time="Any" entitygroup="ZombiesWasteland" tags="downtown"/>

		<spawn maxcount="2" totalalive="1" totalperwave="1" respawndelay="0.3" time="Any" entitygroup="EnemyAnimalsWasteland" spawnDeadChance="0" />
	</set>
</config>