<config>
	<!-- Advanced Cooking Station  -->
	<append xpath="blocks">
		<block name="advancedCookingStation">
			<property name="Class" value="Forge"/>
			<property name="Material" value="Mstone_scrap"/>
			<property name="MaxDamage" value="800"/>
			<property name="StabilitySupport" value="true"/>
			<property name="Weight" value="0"/>
			<property name="Shape" value="ModelEntity"/>
			<property name="Model" value="Entities/Furniture/woodBurningStovePrefab" param1="main_mesh"/>
			<property name="Place" value="TowardsPlacerInverted"/>
			<property name="OnlySimpleRotations" value="true"/>
			<property name="IsTerrainDecoration" value="true"/>
			<property name="ParticleName" value="forge"/>
			<property name="ParticleOffset" value="0.5,0.5,0.5"/>
			<property name="ImposterDontBlock" value="true"/>
			<property name="UnlockedBy" value="advancedCookingStationSchematic,advancedCookingStation"/>
			<property name="Stacknumber" value="1"/>
			<property class="Workstation">
				<property name="CraftingAreaRecipes" value="advancedCookingStation"/>
				<property name="Modules" value="fuel,output,material_input"/>
				<property name="InputMaterials" value="vegetable,protein,water,honey,acid,dukes"/>
			</property>
			<property name="WorkstationIcon" value="ui_game_symbol_forge"/>
			<property name="OpenSound" value="forge_open"/>
			<property name="CloseSound" value="forge_close"/>
			<property name="CraftSound" value="forge_smelt_click"/>
			<property name="CraftCompleteSound" value="forge_item_complete"/>
			<property class="RepairItems">
				<property name="resourceRockSmall" value="50"/>
				<property name="resourceClayLump" value="60"/>
				<property name="resourceLeather" value="20"/>
			</property>
			<drop event="Harvest" name="resourceRockSmall" count="40" tag="allHarvest"/>
			<drop event="Harvest" name="resourceClayLump" count="20" tag="allHarvest"/>
			<drop event="Harvest" name="resourceLeather" count="5" tag="allHarvest"/>
			<drop event="Destroy" count="0"/>
			<drop event="Fall" name="terrDestroyedStone" count="1" prob="0.75" stick_chance="1"/>
			<property name="TakeDelay" value="15"/>
			<property name="Group" value="Building,advBuilding"/>
			<property name="DescriptionKey" value="advancedCookingStationDesc"/>
			<property name="EconomicValue" value="1000"/>
			<property name="FilterTags" value="MC_playerBlocks,SC_decor"/>
			<property name="SortOrder1" value="70i0"/>
		</block> 
	</append>
</config>