<config>

	<!-- Advanced Cooking Station -->
	<append xpath="items">
		
		<!-- Below should be the food/water/etc -->
		<!--Vegetable,Protein,Water,Honey,Acid,Dukes -->
		<!-- what you craft OUT of the forge -->
		<item name="unit_vegetable">
			<property name="HoldType" value="45"/>
			<property name="Meshfile" value="#Other/Items?Misc/sackPrefab.prefab"/>
			<property name="DropMeshfile" value="#Other/Items?Misc/sack_droppedPrefab.prefab"/>
			<property name="CustomIcon" value="resourceScrapIron"/>
			<property name="Material" value="vegetableMaterial"/>
			<property name="Stacknumber" value="30000"/>
			<property name="Weight" value="1"/>
			<property name="Group" value="Resources"/>
			<property name="ResourceUnit" value="true"/>
			<property name="MeltTimePerUnit" value=".25"/> <!-- forge smelting time -->
			<property name="UserHidden" value="true"/>
			<property name="CraftingIngredientTime" value=".5"/>
			<property name="CreativeMode" value="None"/>
		</item>
		<item name="unit_protein">
			<property name="HoldType" value="45"/>
			<property name="Meshfile" value="#Other/Items?Misc/sackPrefab.prefab"/>
			<property name="DropMeshfile" value="#Other/Items?Misc/sack_droppedPrefab.prefab"/>
			<property name="CustomIcon" value="resourceScrapIron"/>
			<property name="Material" value="proteinMaterial"/>
			<property name="Stacknumber" value="30000"/>
			<property name="Weight" value="1"/>
			<property name="Group" value="Resources"/>
			<property name="ResourceUnit" value="true"/>
			<property name="MeltTimePerUnit" value=".25"/> <!-- forge smelting time -->
			<property name="UserHidden" value="true"/>
			<property name="CraftingIngredientTime" value=".5"/>
			<property name="CreativeMode" value="None"/>
		</item>
		<item name="unit_water">
			<property name="HoldType" value="45"/>
			<property name="Meshfile" value="#Other/Items?Misc/sackPrefab.prefab"/>
			<property name="DropMeshfile" value="#Other/Items?Misc/sack_droppedPrefab.prefab"/>
			<property name="CustomIcon" value="resourceScrapIron"/>
			<property name="Material" value="waterMaterial"/>
			<property name="Stacknumber" value="30000"/>
			<property name="Weight" value="1"/>
			<property name="Group" value="Resources"/>
			<property name="ResourceUnit" value="true"/>
			<property name="MeltTimePerUnit" value=".25"/> <!-- forge smelting time -->
			<property name="UserHidden" value="true"/>
			<property name="CraftingIngredientTime" value=".5"/>
			<property name="CreativeMode" value="None"/>
		</item>
		<item name="unit_honey">
			<property name="HoldType" value="45"/>
			<property name="Meshfile" value="#Other/Items?Misc/sackPrefab.prefab"/>
			<property name="DropMeshfile" value="#Other/Items?Misc/sack_droppedPrefab.prefab"/>
			<property name="CustomIcon" value="resourceScrapIron"/>
			<property name="Material" value="honeyMaterial"/>
			<property name="Stacknumber" value="30000"/>
			<property name="Weight" value="1"/>
			<property name="Group" value="Resources"/>
			<property name="ResourceUnit" value="true"/>
			<property name="MeltTimePerUnit" value=".25"/> <!-- forge smelting time -->
			<property name="UserHidden" value="true"/>
			<property name="CraftingIngredientTime" value=".5"/>
			<property name="CreativeMode" value="None"/>
		</item>
		<item name="unit_acid">
			<property name="HoldType" value="45"/>
			<property name="Meshfile" value="#Other/Items?Misc/sackPrefab.prefab"/>
			<property name="DropMeshfile" value="#Other/Items?Misc/sack_droppedPrefab.prefab"/>
			<property name="CustomIcon" value="resourceScrapIron"/>
			<property name="Material" value="acidMaterial"/>
			<property name="Stacknumber" value="30000"/>
			<property name="Weight" value="1"/>
			<property name="Group" value="Resources"/>
			<property name="ResourceUnit" value="true"/>
			<property name="MeltTimePerUnit" value=".25"/> <!-- forge smelting time -->
			<property name="UserHidden" value="true"/>
			<property name="CraftingIngredientTime" value=".5"/>
			<property name="CreativeMode" value="None"/>
		</item>
		<item name="unit_dukes">
			<property name="HoldType" value="45"/>
			<property name="Meshfile" value="#Other/Items?Misc/sackPrefab.prefab"/>
			<property name="DropMeshfile" value="#Other/Items?Misc/sack_droppedPrefab.prefab"/>
			<property name="CustomIcon" value="resourceScrapIron"/>
			<property name="Material" value="dukesMaterial"/>
			<property name="Stacknumber" value="30000"/>
			<property name="Weight" value="1"/>
			<property name="Group" value="Resources"/>
			<property name="ResourceUnit" value="true"/>
			<property name="MeltTimePerUnit" value=".25"/> <!-- forge smelting time -->
			<property name="UserHidden" value="true"/>
			<property name="CraftingIngredientTime" value=".5"/>
			<property name="CreativeMode" value="None"/>
		</item>
	</append>
	
	<!-- Advanced Cooking Station 
		Below are all the foods adjusted to have the correct material (Vegetable,Protein,Water,Honey,Acid,Dukes)	
			based off of their majority ingredients.  Yeah canned beef stew has a few of those, but its a protein. :P
	-->

		<insertAfter xpath="/items/item/property[@name='Tags' and @value='food']">
			<!-- <property name="Material" value="compostMaterial"/> WAS for compost system, disabling for now--> 
			<property name="Weight" value="5"/>
		</insertAfter>

		<!-- setting specific foods ingredients -->
		<!-- <set xpath="/items/item/property[@value='Morganic']/@value">compostMaterial</set> -->
		<!-- 				
				vegetableMaterial
				proteinMaterial
				waterMaterial
				honeyMaterial
				acidMaterial
				dukesMaterial
				
				-->
		<!-- vegetable -->
		<set xpath="items/item[@name='foodCornMeal']/property[@name='Material']/@value">vegetableMaterial</set>
		<set xpath="items/item[@name='foodCropBlueberries']/property[@name='Material']/@value">vegetableMaterial</set>
		<set xpath="items/item[@name='foodCropCorn']/property[@name='Material']/@value">vegetableMaterial</set>
		<set xpath="items/item[@name='foodCropGraceCorn']/property[@name='Material']/@value">vegetableMaterial</set>
		<set xpath="items/item[@name='foodCropPotato']/property[@name='Material']/@value">vegetableMaterial</set>
		<set xpath="items/item[@name='foodCropMushrooms']/property[@name='Material']/@value">vegetableMaterial</set>
		<set xpath="items/item[@name='foodCropYuccaFruit']/property[@name='Material']/@value">vegetableMaterial</set>
		<set xpath="items/item[@name='foodCropPumpkin']/property[@name='Material']/@value">vegetableMaterial</set>

		<!-- water -->
		<set xpath="items/item[@name='drinkJarRiverWater']/property[@name='Material']/@value">waterMaterial</set>
		<set xpath="items/item[@name='drinkJarBoiledWater']/property[@name='Material']/@value">waterMaterial</set>
		<set xpath="items/item[@name='resourceSnowBall']/property[@name='Material']/@value">waterMaterial</set>

		<!-- protein -->
		<set xpath="items/item[@name='foodEgg']/property[@name='Material']/@value">proteinMaterial</set>
		<set xpath="items/item[@name='foodCanBeef']/property[@name='Material']/@value">proteinMaterial</set>
		<set xpath="items/item[@name='foodRawMeat']/property[@name='Material']/@value">proteinMaterial</set>
		
		<!-- dukes -->
		<set xpath="items/item[@name='casinoCoin']/property[@name='Material']/@value">dukesMaterial</set>
		
		<!-- acid -->
		<set xpath="items/item[@name='resourceAcid']/property[@name='Material']/@value">acidMaterial</set>
		<set xpath="items/item[@name='resourceAcid']/property[@name='Weight']/@value">50</set>
		
		<!-- special honey has nothing -->
		<append xpath="/items/item[contains(@name, 'foodHoney')]">
			<property name="Material" value="honeyMaterial"/>
			<property name="Weight" value="50"/>
		</append>
		
		<!-- has no weight -->
		<set xpath="items/item[@name='resourceCropCoffeeBeans']/property[@name='Material']/@value">vegetableMaterial</set>
			<append xpath="/items/item[contains(@name, 'resourceCropCoffeeBeans')]">
				<property name="Weight" value="5"/>
			</append>
		<set xpath="items/item[@name='resourceCropChrysanthemumPlant']/property[@name='Material']/@value">vegetableMaterial</set>
			<append xpath="/items/item[contains(@name, 'resourceCropChrysanthemumPlant')]">
				<property name="Weight" value="1"/>
			</append>
		<set xpath="items/item[@name='resourceCropGoldenrodPlant']/property[@name='Material']/@value">vegetableMaterial</set>
			<append xpath="/items/item[contains(@name, 'resourceCropGoldenrodPlant')]">
				<property name="Weight" value="1"/>
			</append>
		<set xpath="items/item[@name='resourceAnimalFat']/property[@name='Material']/@value">proteinMaterial</set>
			<append xpath="/items/item[contains(@name, 'resourceAnimalFat')]">
				<property name="Weight" value="5"/>
			</append>
		
		<!-- has no material --> 
		<append xpath="/items/item[contains(@name, 'foodCanPeas')]">
			<property name="Material" value="vegetableMaterial"/>
			<property name="Weight" value="5"/>
		</append>
		
		<append xpath="/items/item[contains(@name, 'foodCanMiso')]">
			<property name="Material" value="vegetableMaterial"/>
			<property name="Weight" value="5"/>
		</append>
		
		<append xpath="/items/item[contains(@name, 'foodCanSalmon')]">
			<property name="Material" value="proteinMaterial"/>
			<property name="Weight" value="5"/>
		</append>
		
		<append xpath="/items/item[contains(@name, 'foodCanPasta')]">
			<property name="Material" value="proteinMaterial"/>
			<property name="Weight" value="5"/>
		</append>
		
		<append xpath="/items/item[contains(@name, 'foodCanSham')]">
			<property name="Material" value="proteinMaterial"/>
			<property name="Weight" value="5"/>
		</append>
		
		<append xpath="/items/item[contains(@name, 'foodCanTuna')]">
			<property name="Material" value="proteinMaterial"/>
			<property name="Weight" value="5"/>
		</append>
		
		<append xpath="/items/item[contains(@name, 'foodCanChili')]">
			<property name="Material" value="proteinMaterial"/>
			<property name="Weight" value="5"/>
		</append>
		
		<append xpath="/items/item[contains(@name, 'foodCanDogfood')]">
			<property name="Material" value="proteinMaterial"/>
			<property name="Weight" value="5"/>
		</append>
		
		<append xpath="/items/item[contains(@name, 'foodCanCatfood')]">
			<property name="Material" value="proteinMaterial"/>
			<property name="Weight" value="5"/>
		</append>
		
		<append xpath="/items/item[contains(@name, 'foodCanChicken')]">
			<property name="Material" value="proteinMaterial"/>
			<property name="Weight" value="5"/>
		</append>
		
		<append xpath="/items/item[contains(@name, 'foodCanStock')]">
			<property name="Material" value="waterMaterial"/>
			<property name="Weight" value="5"/>
		</append>
		
		<append xpath="/items/item[contains(@name, 'foodCanSoup')]">
			<property name="Material" value="waterMaterial"/>
			<property name="Weight" value="5"/>
		</append>
		
		<append xpath="items">
			<item name="advancedCookingStationSchematic">
			<property name="DescriptionKey" value="advancedCookingStationSchematicDesc"/>
			<property name="Extends" value="schematicMaster"/>
			<property name="CreativeMode" value="Player"/>
			<!-- <property name="CustomIcon" value="meleeToolSalvageT1Wrench"/> -->
			<property name="Unlocks" value="advancedCookingStation"/>
				<effect_group tiered="false">
					<triggered_effect trigger="onSelfPrimaryActionEnd" action="ModifyCVar" cvar="advancedCookingStation" operation="set" value="1"/>
					<triggered_effect trigger="onSelfPrimaryActionEnd" action="GiveExp" exp="50"/>
				</effect_group>
			</item>
		</append>

</config>