<config>

	<append xpath="materials">
	<!-- advanced cooking station -->
		<material id="vegetableMaterial">
			<property name="damage_category" value="metal"/>
			<property name="surface_category" value="metal"/>
			<property name="forge_category" value="vegetable"/>
			<property name="Experience" value="1.6"/>
		</material>
		<material id="proteinMaterial">
			<property name="damage_category" value="metal"/>
			<property name="surface_category" value="metal"/>
			<property name="forge_category" value="protein"/>
			<property name="Experience" value="1.6"/>
		</material>
		<material id="waterMaterial">
			<property name="damage_category" value="metal"/>
			<property name="surface_category" value="metal"/>
			<property name="forge_category" value="water"/>
			<property name="Experience" value="1.6"/>
		</material>
		<material id="honeyMaterial">
			<property name="damage_category" value="metal"/>
			<property name="surface_category" value="metal"/>
			<property name="forge_category" value="honey"/>
			<property name="Experience" value="1.6"/>
		</material>
		<material id="acidMaterial">
			<property name="damage_category" value="metal"/>
			<property name="surface_category" value="metal"/>
			<property name="forge_category" value="acid"/>
			<property name="Experience" value="1.6"/>
		</material>
		<material id="dukesMaterial">
			<property name="damage_category" value="metal"/>
			<property name="surface_category" value="metal"/>
			<property name="forge_category" value="dukes"/>
			<property name="Experience" value="1.6"/>
		</material>
	</append>

</config>