<config>
	
			<!--Advanced Cooking Station -->
	
	<!-- originally i was going to do below, but the game doesnt like two craft_area's.  I'm keeping this here to remind myself. -->
	<!-- <set xpath="/recipes/recipe[@craft_area='campfire']/@craft_area">campfire,advancedCookingStation</set>  works but doesnt work ingame -->
	
	<!-- duplicates of all recipes so they can exist in the campfire(original recipe) and in the advancedCookingStation (which uses ingredient
			types instead of ingredient specifics -->
			
			<!-- possible ingredients
				unit_vegetable
				unit_protein
				unit_water
				unit_honey
				unit_acid
				unit_dukes
			-->
			
			<append xpath="recipes">
			<!-- TODO add recipe reductions based off of perks -->
			
			<!--
				As part of the rebuild of recipes, craft_time is 10 seconds per ingredient count
			-->
			
			<!-- drinks -->
			
			<recipe name="drinkJarRedTea" count="1" craft_area="advancedCookingStation" craft_time="60" craft_tool="toolCookingPot" tags="perkMasterChef,learnable">
				<ingredient name="unit_vegetable" count="5"/>
				<ingredient name="unit_dukes" count="1"/>
			</recipe>

			<recipe name="drinkJarBoiledWater" count="1" craft_area="advancedCookingStation" craft_time="50" tags="perkMasterChef,perkChefBoiledWater,boiledWater">
				<ingredient name="unit_water" count="5"/>
			</recipe>

			<recipe name="drinkJarYuccaJuice" count="1" craft_area="advancedCookingStation" craft_time="110" tags="perkMasterChef">
				<ingredient name="unit_vegetable" count="10"/>
				<ingredient name="unit_dukes" count="1"/>
			</recipe>

			<recipe name="drinkYuccaJuiceSmoothie" count="1" craft_area="advancedCookingStation" craft_time="550" tags="perkMasterChef,learnable">
				<ingredient name="unit_vegetable" count="40"/>
				<ingredient name="unit_water" count="5"/>
				<ingredient name="unit_dukes" count="10"/>
			</recipe>
	
			<recipe name="drinkJarPureMineralWater" count="1" craft_area="advancedCookingStation" craft_time="200" tags="perkMasterChef,learnable">
				<ingredient name="unit_water" count="5"/>
				<ingredient name="unit_honey" count="5"/>
				<ingredient name="unit_vegetable" count="10"/>
			</recipe>
			
			<recipe name="drinkJarCoffee" count="1" craft_area="advancedCookingStation" craft_time="200" tags="perkMasterChef,learnable">
				<ingredient name="unit_vegetable" count="10"/>
				<ingredient name="unit_water" count="10"/>
			</recipe>

			<recipe name="drinkJarBlackStrapCoffee" count="1" craft_area="advancedCookingStation" craft_time="250" tags="perkMasterChef,learnable">
				<ingredient name="unit_vegetable" count="10"/>
				<ingredient name="unit_water" count="10"/>
				<ingredient name="unit_acid" count="5"/>
			</recipe>
			
			<recipe name="drinkJarGoldenRodTea" count="1" craft_area="advancedCookingStation" craft_time="150" tags="perkMasterChef,learnable">
				<ingredient name="unit_vegetable" count="10"/>
				<ingredient name="unit_water" count="5"/>
			</recipe>
			
			<recipe name="drinkJarGrandpasAwesomeSauce" count="1" craft_area="advancedCookingStation" craft_time="850" tags="perkMasterChef,learnable">
				<ingredient name="unit_dukes" count="50"/>
				<ingredient name="unit_honey" count="15"/>
				<ingredient name="unit_vegetable" count="10"/>
				<ingredient name="unit_acid" count="10"/>
			</recipe>

			<recipe name="drinkJarGrandpasLearningElixir" count="1" craft_area="advancedCookingStation" craft_time="550" tags="perkMasterChef,learnable">
				<ingredient name="unit_protein" count="10"/>
				<ingredient name="unit_vegetable" count="20"/>
				<ingredient name="unit_acid" count="5"/>
				<ingredient name="unit_dukes" count="20"/>
			</recipe>

			<recipe name="drinkJarGrandpasMoonshine" count="1" craft_area="advancedCookingStation" craft_time="250" tags="perkMasterChef,learnable">
				<ingredient name="unit_protein" count="5"/>
				<ingredient name="unit_honey" count="5"/>
				<ingredient name="unit_vegetable" count="10"/>
				<ingredient name="unit_acid" count="5"/>
			</recipe>

			<!-- food -->

			<recipe name="foodBaconAndEggs" count="1" craft_area="advancedCookingStation" craft_time="100" tags="perkMasterChef,learnable">
				<ingredient name="unit_protein" count="10"/>
			</recipe>
			
			<recipe name="foodBakedPotato" count="1" craft_area="advancedCookingStation" craft_time="50" tags="perkMasterChef,learnable">
				<ingredient name="unit_vegetable" count="5"/>
			</recipe>

			<recipe name="foodBlueberryPie" count="1" craft_area="advancedCookingStation" craft_time="400" tags="perkMasterChef,learnable">
				<ingredient name="unit_vegetable" count="30"/>
				<ingredient name="unit_protein" count="5"/>
				<ingredient name="unit_water" count="5"/>
			</recipe>

			<recipe name="foodPumpkinPie" count="1" craft_area="advancedCookingStation" craft_time="3000" tags="perkMasterChef,learnable">
				<ingredient name="unit_vegetable" count="15"/>
				<ingredient name="unit_protein" count="10"/>
				<ingredient name="unit_water" count="5"/>
			</recipe>

			<recipe name="foodPumpkinCheesecake" count="1" craft_area="advancedCookingStation" craft_time="250" tags="perkMasterChef,learnable">
				<ingredient name="unit_vegetable" count="10"/>
				<ingredient name="unit_protein" count="10"/>
				<ingredient name="unit_water" count="5"/>
			</recipe>

			<recipe name="foodPumpkinBread" count="1" craft_area="advancedCookingStation" craft_time="150" tags="perkMasterChef,learnable">
				<ingredient name="unit_vegetable" count="10"/>
				<ingredient name="unit_water" count="5"/>
			</recipe>

			<recipe name="foodBoiledMeat" count="1" craft_area="advancedCookingStation" craft_time="100" tags="perkMasterChef,learnable">
				<ingredient name="unit_protein" count="5"/>
				<ingredient name="unit_water" count="5"/>
			</recipe>

			<recipe name="foodCharredMeat" count="1" craft_area="advancedCookingStation" craft_time="50" tags="perkMasterChef">
				<ingredient name="unit_protein" count="5"/>
			</recipe>

			<recipe name="foodChiliDog" count="1" craft_area="advancedCookingStation" craft_time="200" tags="perkMasterChef,learnable">
				<ingredient name="unit_protein" count="10"/>
				<ingredient name="unit_vegetable" count="10"/>
			</recipe>

			<recipe name="foodCornBread" count="1" craft_area="advancedCookingStation" craft_time="100" tags="perkMasterChef,learnable">
				<ingredient name="unit_vegetable" count="5"/>
				<ingredient name="unit_water" count="5"/>
			</recipe>
			
			<recipe name="foodCornOnTheCob" count="1" craft_area="advancedCookingStation" craft_time="100" tags="perkMasterChef,learnable">
				<ingredient name="unit_vegetable" count="5"/>
				<ingredient name="unit_water" count="5"/>
			</recipe>

			<recipe name="foodEggBoiled" count="1" craft_area="advancedCookingStation" craft_time="100" tags="perkMasterChef">
				<ingredient name="unit_protein" count="5"/>
				<ingredient name="unit_water" count="5"/>
			</recipe>

			<recipe name="foodFishTacos" count="1" craft_area="advancedCookingStation" craft_time="150"  tags="perkMasterChef,learnable">
				<ingredient name="unit_protein" count="5"/>
				<ingredient name="unit_vegetable" count="10"/>
			</recipe>

			<recipe name="foodGrilledMeat" count="1" craft_area="advancedCookingStation" craft_time="50" tags="perkMasterChef,learnable">
				<ingredient name="unit_protein" count="5"/>
			</recipe>

			<recipe name="foodHoboStew" count="1"  craft_area="advancedCookingStation" craft_time="400" tags="perkMasterChef,learnable">
				<ingredient name="unit_protein" count="15"/>
				<ingredient name="unit_vegetable" count="20"/>
				<ingredient name="unit_water" count="5"/>
			</recipe>

			<recipe name="foodMeatStew" count="1" craft_area="advancedCookingStation" craft_time="450" tags="perkMasterChef,learnable">
				<ingredient name="unit_protein" count="20"/>
				<ingredient name="unit_vegetable" count="20"/>
				<ingredient name="unit_water" count="5"/>
			</recipe>

			<recipe name="foodGumboStew" count="1" craft_area="advancedCookingStation" craft_time="450" tags="perkMasterChef,learnable">
				<ingredient name="unit_protein" count="20"/>
				<ingredient name="unit_vegetable" count="20"/>
				<ingredient name="unit_water" count="5"/>
			</recipe>

			<recipe name="foodShepardsPie" count="1" craft_area="advancedCookingStation" craft_time="400" tags="perkMasterChef,learnable">
				<ingredient name="unit_protein" count="20"/>
				<ingredient name="unit_vegetable" count="20"/>
			</recipe>

			<recipe name="foodSpaghetti" count="1" craft_area="advancedCookingStation" craft_time="350" tags="perkMasterChef,learnable">
				<ingredient name="unit_protein" count="10"/>
				<ingredient name="unit_vegetable" count="20"/>
				<ingredient name="unit_water" count="5"/>
			</recipe>

			<recipe name="foodTunaFishGravyToast" count="1" craft_area="advancedCookingStation" craft_time="270" tags="perkMasterChef,learnable">
				<ingredient name="unit_protein" count="10"/>
				<ingredient name="unit_vegetable" count="15"/>
			</recipe>

			<recipe name="foodShamChowder" count="1" craft_area="advancedCookingStation" craft_time="250" tags="perkMasterChef,learnable">
				<ingredient name="unit_protein" count="5"/>
				<ingredient name="unit_vegetable" count="15"/>
				<ingredient name="unit_water" count="5"/>
			</recipe>

			<recipe name="foodSteakAndPotato" count="1" craft_area="advancedCookingStation" craft_time="200"  tags="perkMasterChef,learnable">
				<ingredient name="unit_protein" count="10"/>
				<ingredient name="unit_vegetable" count="10"/>
			</recipe>

			<recipe name="foodVegetableStew" count="1" craft_area="advancedCookingStation" craft_time="350" tags="perkMasterChef,learnable">
				<ingredient name="unit_vegetable" count="30"/>
				<ingredient name="unit_water" count="5"/>
			</recipe>
			<!-- special cook out recipes
					unit_vegetable
					unit_protein
					unit_water <- already exists
					unit_honey
					unit_acid
					unit_dukes
			-->
			<recipe name="foodCropCorn" count="1" craft_area="advancedCookingStation" craft_time="1">
				<ingredient name="unit_vegetable" count="5"/>
			</recipe>
			<recipe name="foodRawMeat" count="1" craft_area="advancedCookingStation" craft_time="1">
				<ingredient name="unit_protein" count="5"/>
			</recipe>
			<recipe name="foodHoney" count="1" craft_area="advancedCookingStation" craft_time="1">
				<ingredient name="unit_honey" count="50"/>
			</recipe>
			<recipe name="resourceAcid" count="1" craft_area="advancedCookingStation" craft_time="1">
				<ingredient name="unit_acid" count="50"/>
			</recipe>
			<recipe name="casinoCoin" count="1" craft_area="advancedCookingStation" craft_time="1">
				<ingredient name="unit_dukes" count="1"/>
			</recipe>

			<recipe name="advancedCookingStation" count="1" craft_area="workbench" tags="learnable">
				<ingredient name="resourceForgedIron" count="25"/>
				<ingredient name="resourceMechanicalParts" count="20"/>
				<ingredient name="toolCookingPot" count="2"/>
				<ingredient name="resourceWood" count="50"/>
			</recipe>
			
			</append>

</config>