<config>
	<append xpath="/xui/ruleset">
		<!-- composter -->
		<window_group name="workstation_composter" controller="XUiC_WorkstationWindowGroup" open_backpack_on_open="true" close_compass_on_open="true">
			<window name="windowCraftingList"/>
			<window name="craftingInfoPanel"/>
			<window name="windowCraftingQueue"/>
			<window name="windowForgeInput" />
			<window name="windowOutput" />
			<window name="windowNonPagingHeader" />
		</window_group>
		
			<!-- Advanced Cooking Station -->
		<window_group name="workstation_advancedCookingStation" controller="XUiC_WorkstationWindowGroup" open_backpack_on_open="true" close_compass_on_open="true">
			<window name="windowCraftingList"/>
			<window name="craftingInfoPanel"/>
			<window name="windowCraftingQueue"/>
			<window name="windowForgeInput" />
			<window name="windowFuel" />
			<window name="windowOutput" />
			<window name="windowNonPagingHeader" />
		</window_group>
		
	</append>
</config>