<config>
	<!-- Log Spikes -->
	<append xpath="/blocks">
		<!-- Log spike Wood -->
		<block name="woodLogSpike"> 
			<property name="CreativeMode" value="Player"/>
			<property name="Class" value="TrunkTip"/>
			<property name="BlockTag" value="Spike"/>
			<property name="Damage" value="8"/>
			<property name="Damage_received" value="6"/>
			<property name="Material" value="Mwood_regular"/>
			<property name="Shape" value="New"/>
			<property name="LightOpacity" value="6"/> 
			<property name="Model" value="cone1m"/>
			<property name="Texture" value="21,21,22,22,22,22"/>
			<property name="UseGlobalUV" value="Local"/>
			<property name="ImposterExchange" value="imposterPyramid" param1="10"/>
			<property name="ImposterDontBlock" value="true"/>
			<property name="FuelValue" value="300"/>
			<property class="RepairItems"> <property name="resourceWood" value="10"/> </property>
			<property class="UpgradeBlock">
				<property name="ToBlock" value="ironLogSpike"/>
				<property name="Item" value="resourceForgedIron"/>
				<property name="ItemCount" value="10"/>
				<property name="UpgradeHitCount" value="4"/>
			</property>
			<property name="CustomUpgradeSound" value="place_block_wood"/>
			<drop event="Destroy" name="resourceWood" count="2,6" />
			<drop event="Fall" name="terrDestroyedWoodDebris" count="1" prob="0.75" stick_chance="1"/>
			<property name="Group" value="Tools/Traps"/>
			<property name="DescriptionKey" value="woodLogSpikeDesc"/>
			<property name="EconomicValue" value="30"/>
			<property name="EconomicBundleSize" value="20"/>
			<property name="FilterTags" value="MC_building,SC_traps,fdecor,ftraps"/>
			<property name="SortOrder1" value="70g0"/>
		</block>
		<!-- Log spike Iron -->
		<block name="ironLogSpike"> 
			<property name="CreativeMode" value="Player"/>
			<property name="Class" value="TrunkTip"/>
			<property name="BlockTag" value="Spike"/>
			<property name="Damage" value="12"/>
			<property name="Damage_received" value="6"/>
			<property name="Material" value="MwoodMetal"/>
			<property name="Shape" value="New"/>
			<property name="LightOpacity" value="6"/> 
			<property name="Model" value="cone1m"/>
			<property name="Texture" value="380"/>
			<property name="UseGlobalUV" value="Local"/>
			<property name="ImposterExchange" value="imposterPyramid" param1="10"/>
			<property name="ImposterDontBlock" value="true"/>
			<property name="FuelValue" value="300"/>
			<property class="RepairItems"> <property name="resourceForgedIron" value="10"/> </property>
			<property class="UpgradeBlock">
				<property name="ToBlock" value="steelLogSpike"/>
				<property name="Item" value="resourceForgedSteel"/>
				<property name="ItemCount" value="10"/>
				<property name="UpgradeHitCount" value="4"/>
			</property>
			<property name="CustomUpgradeSound" value="place_block_wood"/>
			<drop event="Destroy" name="resourceForgedIron" count="2,6" />
			<drop event="Fall" name="terrDestroyedWoodDebris" count="1" prob="0.75" stick_chance="1"/>
			<property name="DowngradeBlock" value="woodLogSpike"/>
			<property name="Group" value="Tools/Traps"/>
			<property name="DescriptionKey" value="ironLogSpikeDesc"/>
			<property name="EconomicValue" value="30"/>
			<property name="EconomicBundleSize" value="20"/>
			<property name="FilterTags" value="MC_building,SC_traps,fdecor,ftraps"/>
			<property name="SortOrder1" value="70g0"/>
		</block>
		<!-- Log spike Steel -->
		<block name="steelLogSpike"> 
			<property name="CreativeMode" value="Dev"/>
			<property name="Class" value="TrunkTip"/>
			<property name="BlockTag" value="Spike"/>
			<property name="Damage" value="16"/>
			<property name="Damage_received" value="16"/>
			<property name="DisplayType" value="blockHardened"/>
			<property name="Material" value="Msteel"/>
			<property name="Shape" value="New"/>
			<property name="LightOpacity" value="6"/> 
			<property name="Model" value="cone1m"/>
			<property name="Texture" value="356,355,356,356,356,356"/>
			<property name="UseGlobalUV" value="Local"/>
			<property name="ImposterExchange" value="imposterPyramid" param1="10"/>
			<property name="ImposterDontBlock" value="true"/>
			<property name="FuelValue" value="300"/>
			<property class="RepairItems"> <property name="resourceForgedSteel" value="10"/> </property>
			<property name="CustomUpgradeSound" value="place_block_metal"/>
			<drop event="Destroy" name="resourceForgedSteel" count="2,6" />
			<drop event="Fall" name="terrDestroyedWoodDebris" count="1" prob="0.75" stick_chance="1"/>
			<property name="DowngradeBlock" value="ironLogSpike"/>
			<property name="Group" value="Tools/Traps"/>
			<property name="DescriptionKey" value="steelLogSpikeDesc"/>
			<property name="EconomicValue" value="30"/>
			<property name="EconomicBundleSize" value="20"/>
			<property name="FilterTags" value="MC_building,SC_traps,fdecor,ftraps"/>
			<property name="SortOrder1" value="70g0"/>
		</block>
	</append>
</config>