<config>
	<append xpath="/blocks">
	<!-- Heatmap changes -->
		<set xpath="/blocks/block[@name='campfire']/property[@name='HeatMapStrength']/@value">20</set> <!-- was 5 10-->
		<set xpath="/blocks/block[@name='forge']/property[@name='HeatMapStrength']/@value">24</set> <!-- was 6 12-->	
		<set xpath="/blocks/block[@name='workbench']/property[@name='HeatMapStrength']/@value">8</set> <!-- was 2 4-->
		<set xpath="/blocks/block[@name='cementMixer']/property[@name='HeatMapStrength']/@value">8</set> <!-- was 2 4-->
		<set xpath="/blocks/block[@name='chemistryStation']/property[@name='HeatMapStrength']/@value">8</set> <!-- was 2 4-->
		<set xpath="/blocks/block[@name='wallTorchLightPlayer']/property[@name='HeatMapStrength']/@value">4</set> <!-- was 1 2-->
		<set xpath="/blocks/block[@name='candleWallLightPlayer']/property[@name='HeatMapStrength']/@value">2</set> <!-- was 0.5 1-->
		<set xpath="/blocks/block[@name='burningBarrel']/property[@name='HeatMapStrength']/@value">4</set> <!-- was 1 2-->
	</append>
</config>