<config>
	<append xpath="item_modifiers">
		<item_modifier name="modMeleeFoldedDiamondSteelEdge" installable_tags="perkWayOfTheBlade,perkDeepCuts" modifier_tags="durability" blocked_tags="noMods,noBlades" type="attachment">
			<property name="Extends" value="modGeneralMaster"/>
			<property name="DescriptionKey" value="modMeleeFoldedDiamondSteelEdgeDesc"/>
			<property name="UnlockedBy" value="perkWayOfTheBlade3"/>
			<effect_group tiered="false">
					<passive_effect name="DegradationPerUse" operation="perc_add" value="-.4" tags="perkWayOfTheBlade4,admin"/>
			</effect_group>
			<effect_group>
			<passive_effect name="TargetArmor" operation="perc_add" value="-.25" tags="perkWayOfTheBlade"/>
			</effect_group>
		</item_modifier>
	</append>
</config>