<config>

	<append xpath="/lootcontainers/lootgroup[@name='schematicsWeaponsArmorT1']">
		<item name="meleeWpnBladeT3KatanaSchematic"/>
	</append>
	
	<append xpath="/lootcontainers/lootgroup[@name='groupWeaponsT2_Melee']">
		<item name="meleeWpnBladeT3Katana"/>
	</append>
	
	<append xpath="/lootcontainers/lootgroup[@name='perkBooksT2']">
		<item name="bookWayOfTheBlade1"/>
		<item name="bookWayOfTheBlade2"/>
		<item name="bookWayOfTheBlade3"/>
		<item name="bookWayOfTheBlade4"/>
		<item name="bookWayOfTheBlade5"/>
		<item name="bookWayOfTheBlade6"/>
		<item name="bookWayOfTheBlade7"/>
	</append>

<!-- Keeping this incase I need to seed the higher up more frequently.
<lootgroup name="groupWorkingStiffsBooks">
<lootgroup name="groupSafeBooks">

<item group="perkBooks" prob="4"/>
<item name="questRewardT1BookBundle"/>
<item group="booksAllScaled" loot_prob_template="veryLow"/>
-->

</config>