<configs>
	<append xpath="/progression/skills">

	<!-- Book overview -->
		<skill name="skillWayOfTheBlade" parent="attBooks" name_key="perkWayOfTheBlade" desc_key="perkWayOfTheBladeDesc" long_desc_key="perkBookGroupLongDesc" icon="ui_game_symbol_knife"><effect_group/></skill>
	</append>
	<!-- Indivudal Books -->
	<!-- Damage -->
	<append xpath="/progression/perks">
	<perk name="perkWayOfTheBlade1" parent="skillWayOfTheBlade" max_level="1" base_skill_point_cost="0" desc_key="perkWayOfTheBlade1Desc" long_desc_key="perkWayOfTheBlade1LongDesc">
		<effect_group>
				<passive_effect name="EntityDamage" operation="perc_add" level="1" value=".1" tags="perkWayOfTheBlade"/>
				<requirement name="ItemHasTags" tags="perkWayOfTheBlade,perkDeepCuts"/>
		</effect_group>
	</perk>
	<!-- Degrade 20% slower -->
	<perk name="perkWayOfTheBlade2" parent="skillWayOfTheBlade" max_level="1" base_skill_point_cost="0" desc_key="perkWayOfTheBlade2Desc" long_desc_key="perkWayOfTheBlade2LongDesc">
		<effect_group>
			<passive_effect name="DegradationPerUse" operation="perc_add" level="1" value="-.2" tags="perkWayOfTheBlade"/>
			<requirement name="ItemHasTags" tags="perkWayOfTheBlade,perkDeepCuts"/>
		</effect_group>
	</perk>
	<!-- Dismember Bonus -->
	<perk name="perkWayOfTheBlade3" parent="skillWayOfTheBlade" max_level="1" base_skill_point_cost="0" desc_key="perkWayOfTheBlade3Desc" long_desc_key="perkWayOfTheBlade3LongDesc">
		<effect_group>
			<requirement name="ItemHasTags" tags="perkWayOfTheBlade,perkDeepCuts"/>
			<passive_effect name="DismemberChance" operation="base_add" value="0.4"/>
		</effect_group>
	</perk>
	<!-- New Mod - Armor Degrade and Item Durability -->
	<perk name="perkWayOfTheBlade4" parent="skillWayOfTheBlade" max_level="1" base_skill_point_cost="0" desc_key="perkWayOfTheBlade4Desc" long_desc_key="perkWayOfTheBlade4LongDesc">
		<effect_group>
				<passive_effect name="RecipeTagUnlocked" operation="base_set" level="1" value="1" tags="modMeleeFoldedDiamondSteelEdge"/>
		</effect_group>
	</perk>
	<!-- Attack Speed -->
	<perk name="perkWayOfTheBlade5" parent="skillWayOfTheBlade" max_level="1" base_skill_point_cost="0" desc_key="perkWayOfTheBlade5Desc" long_desc_key="perkWayOfTheBlade5LongDesc">
		<effect_group>
			<requirement name="ItemHasTags" tags="perkWayOfTheBlade,perkDeepCuts"/>
			<passive_effect name="AttacksPerMinute" operation="perc_add" level="1" value=".2" tags="perkWayOfTheBlade,perkFlurryOfBlows"/>
		</effect_group>
	</perk>
	<!-- Bleed Damage -->
	<perk name="perkWayOfTheBlade6" parent="skillWayOfTheBlade" max_level="1" base_skill_point_cost="0" desc_key="perkWayOfTheBlade6Desc" long_desc_key="perkWayOfTheBlade6LongDesc">
		<effect_group>
			<requirement name="ItemHasTags" tags="perkWayOfTheBlade,perkDeepCuts"/>
			<triggered_effect trigger="onSelfPrimaryActionRayHit" action="AddBuff" target="other" buff="buffInjuryBleeding"/>
		</effect_group>
	</perk>
	<!-- Katana Crafting -->
	<perk name="perkWayOfTheBlade7" parent="skillWayOfTheBlade" max_level="1" base_skill_point_cost="0" desc_key="perkWayOfTheBlade7Desc" long_desc_key="perkWayOfTheBlade7LongDesc">
		<effect_group>
			<passive_effect name="RecipeTagUnlocked" operation="base_set" level="1" value="1" tags="meleeWpnBladeT3Katana"/>
		</effect_group>
	</perk>
	
	<!-- Complete: Health Regen -->
	<perk name="perkWayOfTheBladeComplete" parent="skillWayOfTheBlade" max_level="1" base_skill_point_cost="0" desc_key="perkWayOfTheBladeCompleteDesc" long_desc_key="perkWayOfTheBladeCompleteLongDesc">
		<effect_group>
				<requirement name="ItemHasTags" tags="perkWayOfTheBlade"/>
				<requirement name="ProgressionLevel" progression_name="perkWayOfTheBladeComplete" operation="Equals" value="1"/>
				<triggered_effect trigger="onSelfPrimaryActionRayHit" action="ModifyCVar" cvar="medicalRegHealthAmount" operation="set" value="10"/>
				<triggered_effect trigger="onSelfPrimaryActionRayHit" action="ModifyCVar" cvar="medRegHealthIncSpeed" operation="set" value="@medicRegHealthIncreaseSpeed"/>
				<triggered_effect trigger="onSelfPrimaryActionEnd" action="AddBuff" buff="buffProcessConsumables"/>
			<display_value name="foodHealthAmount" value="10"/>
		</effect_group>
	</perk>
	</append>
</configs>