<configs>
	
<append xpath="/recipes">

<recipe name="meleeWpnBladeT3Katana" count="1" craft_time = "60" tags="perkDeepCuts, learnable">
	<ingredient name="meleeWpnBladeT3MacheteParts" count="5"/>
	<ingredient name="resourceForgedSteel" count="20"/>
	<ingredient name="resourceOil" count="5"/>
	<ingredient name="resourceDuctTape" count="3"/>
	<effect_group>
		<passive_effect name="CraftingIngredientCount" level="2,6" operation="perc_add" value=".5,2.5" tags="meleeWpnBladeT3MacheteParts,resourceForgedSteel,resourceOil,resourceDuctTape"/>
	</effect_group>
</recipe>

</append>
</configs>