<config>
	<append xfile="/buffs">
		<buff name="buffinfectionPermanent" name_key="buff infectionPermanent Permanent" hidden="true" icon="ui_game_symbol_infectionPermanent">
			<damage_type value="infectionPermanent"/>
			<stack_type value="ignore"/>
			<duration value="0"/>
			<update_rate value="1"/>

			<!-- infectionPermanent is fully %-based. infectionPermanentCounter is a float % value. infectionPermanent kills the player when it reaches 100%, cures when it reaches 0%. -->
			<effect_group>
				<!-- $infectionPermanentMaxDuration defined in buffStatusCheck01 (7 hours) ** Need to change ** -->
				<triggered_effect trigger="onSelfBuffStart" action="ModifyCVar" cvar="$infectionPermanentMaxDuration" operation="set" value="86400"> <!-- 1 full day -->
					<requirement name="CVarCompare" cvar="$infectionPermanentMaxDuration" operation="Equals" value="0"/></triggered_effect>


				<triggered_effect trigger="onSelfBuffStart" action="ModifyCVar" cvar="$infectionPermanentStage2Duration" operation="set" value="14"/> <!-- % of the full buff duration -->
				<triggered_effect trigger="onSelfBuffStart" action="ModifyCVar" cvar="$infectionPermanentStage3Duration" operation="set" value="57"/> <!-- % of the full buff duration -->

				<triggered_effect trigger="onSelfBuffStart" action="ModifyCVar" cvar="$infectionPermanentDisplayDivisor" operation="set" value="@$infectionPermanentMaxDuration"/>
				<triggered_effect trigger="onSelfBuffStart" action="ModifyCVar" cvar="$infectionPermanentDisplayDivisor" operation="divide" value="100"/>
				<!-- .infectionPermanentDisplayPerc = infectionPermanentCounter / $infectionPermanentDisplayDivisor	-->
				<triggered_effect trigger="onSelfBuffStart" action="ModifyCVar" cvar="$infectionPermanentStage2Duration" operation="multiply" value="@$infectionPermanentDisplayDivisor"/>
				<triggered_effect trigger="onSelfBuffStart" action="ModifyCVar" cvar="$infectionPermanentStage3Duration" operation="multiply" value="@$infectionPermanentDisplayDivisor"/>

				<!-- cleanup -->
				<triggered_effect trigger="onSelfBuffRemove" action="ModifyCVar" cvar="infectionPermanentCounter" operation="set" value="0"/>
				<triggered_effect trigger="onSelfBuffRemove" action="ModifyCVar" cvar=".infectionPermanentDisplayPerc" operation="set" value="0"/>
				<triggered_effect trigger="onSelfBuffRemove" action="ModifyCVar" cvar="$infectionPermanentDisplayDivisor" operation="set" value="0"/>
				<triggered_effect trigger="onSelfBuffRemove" action="ModifyCVar" cvar="$infectionPermanentCureCounter" operation="set" value="0"/>
				<triggered_effect trigger="onSelfBuffRemove" action="ModifyCVar" cvar="$infectionPermanentStage2Duration" operation="set" value="0"/>
				<triggered_effect trigger="onSelfBuffRemove" action="ModifyCVar" cvar="$infectionPermanentStage3Duration" operation="set" value="0"/>
			</effect_group>

			<effect_group name="main loop">
			<!-- disable natural healing ... disabled
				<triggered_effect trigger="onSelfBuffUpdate" action="ModifyCVar" cvar="infectionPermanentCounter" operation="add" value="1.25"/>

				<triggered_effect trigger="onSelfBuffUpdate" action="ModifyCVar" cvar=".dummy" operation="set" value="@$critHitNaturalHealingRate"/>
				<triggered_effect trigger="onSelfBuffUpdate" action="ModifyCVar" cvar=".dummy" operation="divide" value="4"/>
				<triggered_effect trigger="onSelfBuffUpdate" action="ModifyCVar" cvar="infectionPermanentCounter" operation="subtract" value="@.dummy"/>
			-->
				<triggered_effect trigger="onSelfBuffUpdate" action="ModifyCVar" cvar="infectionPermanentCounter" operation="add" value="-3">
					<requirement name="CVarCompare" cvar="$infectionPermanentCureCounter" operation="GT" value="0"/>
				</triggered_effect>
				<triggered_effect trigger="onSelfBuffUpdate" action="ModifyCVar" cvar="infectionPermanentCounter" operation="set" value="0">
					<requirement name="CVarCompare" cvar="infectionPermanentCounter" operation="LT" value="0"/>
				</triggered_effect>

				<triggered_effect trigger="onSelfBuffUpdate" action="ModifyCVar" cvar="$infectionPermanentCureCounter" operation="add" value="-2">
					<requirement name="CVarCompare" cvar="$infectionPermanentCureCounter" operation="GT" value="0"/>
				</triggered_effect>
				<triggered_effect trigger="onSelfBuffUpdate" action="ModifyCVar" cvar="$infectionPermanentCureCounter" operation="set" value="0">
					<requirement name="CVarCompare" cvar="$infectionPermanentCureCounter" operation="LT" value="0"/>
				</triggered_effect>
			</effect_group>

			<effect_group name="shut down">
				<triggered_effect trigger="onSelfBuffUpdate" action="RemoveBuff" buff="buffinfectionPermanentMain">
					<requirement name="CVarCompare" cvar="infectionPermanentCounter" operation="LTE" value="0"/>
					<requirement name="CVarCompare" cvar="$infectionPermanentCureCounter" operation="LTE" value="0"/>
				</triggered_effect>

				<triggered_effect trigger="onSelfBuffRemove" action="RemoveBuff" buff="buffinfectionPermanentCureDisplay"/>
				<triggered_effect trigger="onSelfBuffRemove" action="RemoveBuff" buff="buffinfectionPermanent01Untreated"/>
				<triggered_effect trigger="onSelfBuffRemove" action="RemoveBuff" buff="buffinfectionPermanent01GetBetter"/>
				<triggered_effect trigger="onSelfBuffRemove" action="RemoveBuff" buff="buffinfectionPermanent02Untreated"/>
				<triggered_effect trigger="onSelfBuffRemove" action="RemoveBuff" buff="buffinfectionPermanent02GetBetter"/>
				<triggered_effect trigger="onSelfBuffRemove" action="RemoveBuff" buff="buffinfectionPermanent03Untreated"/>
				<triggered_effect trigger="onSelfBuffRemove" action="RemoveBuff" buff="buffinfectionPermanent03GetBetter"/>
			</effect_group>

			<effect_group name="display % values">
				<triggered_effect trigger="onSelfBuffUpdate" action="ModifyCVar" cvar=".infectionPermanentDisplayPerc" operation="set" value="@infectionPermanentCounter"/>
				<triggered_effect trigger="onSelfBuffUpdate" action="ModifyCVar" cvar=".infectionPermanentDisplayPerc" operation="divide" value="@$infectionPermanentDisplayDivisor"/>
				<triggered_effect trigger="onSelfBuffUpdate" action="ModifyCVar" cvar=".infectionPermanentCureDisplayPerc" operation="set" value="@$infectionPermanentCureCounter"/>
				<triggered_effect trigger="onSelfBuffUpdate" action="ModifyCVar" cvar=".infectionPermanentCureDisplayPerc" operation="divide" value="@$infectionPermanentDisplayDivisor"/>
			</effect_group>

			<effect_group name="signaling buffs">
				<triggered_effect trigger="onSelfBuffUpdate" action="AddBuff" buff="buffinfectionPermanentCureDisplay">
					<requirement name="!HasBuff" buff="buffinfectionPermanentCureDisplay"/>
					<requirement name="CVarCompare" cvar="$infectionPermanentCureCounter" operation="GT" value="0"/>
				</triggered_effect>

				<triggered_effect trigger="onSelfBuffUpdate" action="AddBuff" buff="buffinfectionPermanent01Untreated">
					<requirement name="!HasBuff" buff="buffinfectionPermanent01Untreated"/>
					<requirement name="CVarCompare" cvar="infectionPermanentCounter" operation="GT" value="0"/>
					<requirement name="CVarCompare" cvar="infectionPermanentCounter" operation="LT" value="@$infectionPermanentStage2Duration"/>
					<requirement name="CVarCompare" cvar="$infectionPermanentCureCounter" operation="LTE" value="0"/>
				</triggered_effect>
				<triggered_effect trigger="onSelfBuffUpdate" action="AddBuff" buff="buffinfectionPermanent01GetBetter">
					<requirement name="!HasBuff" buff="buffinfectionPermanent01GetBetter"/>
					<requirement name="CVarCompare" cvar="infectionPermanentCounter" operation="GT" value="0"/>
					<requirement name="CVarCompare" cvar="infectionPermanentCounter" operation="LT" value="@$infectionPermanentStage2Duration"/>
					<requirement name="CVarCompare" cvar="$infectionPermanentCureCounter" operation="GT" value="0"/>
				</triggered_effect>

				<triggered_effect trigger="onSelfBuffUpdate" action="RemoveBuff" buff="buffinfectionPermanent01GetBetter">
					<requirement name="HasBuff" buff="buffinfectionPermanent01GetBetter"/>
					<requirement name="CVarCompare" cvar="infectionPermanentCounter" operation="LTE" value="0"/>
				</triggered_effect>

				<triggered_effect trigger="onSelfBuffUpdate" action="AddBuff" buff="buffinfectionPermanent02Untreated">
					<requirement name="!HasBuff" buff="buffinfectionPermanent02Untreated"/>
					<requirement name="CVarCompare" cvar="infectionPermanentCounter" operation="GTE" value="@$infectionPermanentStage2Duration"/>
					<requirement name="CVarCompare" cvar="infectionPermanentCounter" operation="LT" value="@$infectionPermanentStage3Duration"/>
					<requirement name="CVarCompare" cvar="$infectionPermanentCureCounter" operation="LTE" value="0"/>
				</triggered_effect>
				<triggered_effect trigger="onSelfBuffUpdate" action="AddBuff" buff="buffinfectionPermanent02GetBetter">
					<requirement name="!HasBuff" buff="buffinfectionPermanent02GetBetter"/>
					<requirement name="CVarCompare" cvar="infectionPermanentCounter" operation="GTE" value="@$infectionPermanentStage2Duration"/>
					<requirement name="CVarCompare" cvar="infectionPermanentCounter" operation="LT" value="@$infectionPermanentStage3Duration"/>
					<requirement name="CVarCompare" cvar="$infectionPermanentCureCounter" operation="GT" value="0"/>
				</triggered_effect>

				<triggered_effect trigger="onSelfBuffUpdate" action="AddBuff" buff="buffinfectionPermanent03Untreated">
					<requirement name="!HasBuff" buff="buffinfectionPermanent03Untreated"/>
					<requirement name="CVarCompare" cvar="infectionPermanentCounter" operation="GTE" value="@$infectionPermanentStage3Duration"/>
					<requirement name="CVarCompare" cvar="infectionPermanentCounter" operation="LT" value="@$infectionPermanentMaxDuration"/>
					<requirement name="CVarCompare" cvar="$infectionPermanentCureCounter" operation="LTE" value="0"/>
				</triggered_effect>
				<triggered_effect trigger="onSelfBuffUpdate" action="AddBuff" buff="buffinfectionPermanent03GetBetter">
					<requirement name="!HasBuff" buff="buffinfectionPermanent03GetBetter"/>
					<requirement name="CVarCompare" cvar="infectionPermanentCounter" operation="GTE" value="@$infectionPermanentStage3Duration"/>
					<requirement name="CVarCompare" cvar="infectionPermanentCounter" operation="LT" value="@$infectionPermanentMaxDuration"/>
					<requirement name="CVarCompare" cvar="$infectionPermanentCureCounter" operation="GT" value="0"/>
				</triggered_effect>

				<triggered_effect trigger="onSelfBuffUpdate" action="AddBuff" buff="buffinfectionPermanent04">
					<requirement name="CVarCompare" cvar="infectionPermanentCounter" operation="GTE" value="@$infectionPermanentMaxDuration"/>
				</triggered_effect>
			</effect_group>
			<effect_group name="getting hit makes it worse">
				<triggered_effect trigger="onOtherAttackedSelf" action="AddBuff" buff="buffinfectionPermanentGetsWorse"/>
			</effect_group>
		</buff>
	</append>
</config>