<config>
	<!-- Advanced Cooking Station  -->
	<append xpath="blocks">
		<block name="advancedModWorkbench">
			<property name="Class" value="Workstation"/>
			<property name="Material" value="Miron_scrap"/>
			<property name="MaxDamage" value="800"/>
			<property name="StabilitySupport" value="true"/>
			<property name="Weight" value="0"/>
			<property name="Shape" value="ModelEntity"/>
			<property name="Path" value="solid"/>
			<property name="Shape" value="ModelEntity"/>
			<property name="Model" value="Entities/Industrial/controlPanelBase_04Prefab"/>
			<property name="UnlockedBy" value="advancedModWorkbenchSchematic,perkAdvancedEngineering"/>
			<property name="Stacknumber" value="1"/>
			<property class="Workstation">
				<property name="Modules" value="output"/>
				<property name="CraftingAreaRecipes" value="advancedModWorkbench"/>
			</property>
			<property name="WorkstationIcon" value="ui_game_symbol_computer"/>
			<property name="OpenSound" value="open_workbench"/>
			<property name="CloseSound" value="close_workbench"/>
			<property class="RepairItems">
				<property name="resourceForgedIron" value="25"/>
				<property name="resourceMechanicalParts" value="20"/>
			</property>
			<property name="TakeDelay" value="15"/>
			<property name="DescriptionKey" value="advancedModWorkbenchDesc"/>
			<property name="EconomicValue" value="2000"/>
			<property name="Group" value="Building,advBuilding"/>
			<property name="FilterTags" value="MC_playerBlocks,SC_decor"/>
			<property name="SortOrder1" value="70i0"/>
		</block>
	</append>
</config>