<config>
	<append xpath="/items/item[starts-with(@name, 'armor')]/effect_group[contains(@name, 'armor')]">
		<passive_effect name="ModSlots" operation="base_set" value="1,2,3,4,5,6" tier="1,2,3,4,5,6"/>
	</append>	
	
	<append xpath="/items/item[starts-with(@name, 'melee')]/effect_group[starts-with(@name, 'melee')]">
		<passive_effect name="ModSlots" operation="base_set" value="1,2,3,4,5,6" tier="1,2,3,4,5,6"/>
	</append>	
	
	<append xpath="/items/item[starts-with(@name, 'gun')]/effect_group[starts-with(@name, 'gun')]">
		<passive_effect name="ModSlots" operation="base_set" value="1,2,3,4,5,6" tier="1,2,3,4,5,6"/>
	</append>	
	
	<append xpath="items">
		<item name="advancedModWorkbenchSchematic">
		<property name="DescriptionKey" value="advancedModWorkbenchSchematicDesc"/>
		<property name="Extends" value="schematicMaster"/>
		<property name="CreativeMode" value="Player"/>
		<!-- <property name="CustomIcon" value="meleeToolSalvageT1Wrench"/> -->
		<property name="Unlocks" value="advancedModWorkbench"/>
			<effect_group tiered="false">
				<triggered_effect trigger="onSelfPrimaryActionEnd" action="ModifyCVar" cvar="advancedModWorkbench" operation="set" value="1"/>
				<triggered_effect trigger="onSelfPrimaryActionEnd" action="GiveExp" exp="50"/>
			</effect_group>
		</item>
	
	</append>
	
</config>