<config>
<append xpath="item_modifiers">

<!-- Perk mods -->
	
	<item_modifier name="modArmorDeadEye" installable_tags="armor" type="attachment">
		<property name="Extends" value="modGeneralMaster"/>
		<!--  -->
		<property name="CustomIconTint" value="2AE8E2" />
		<property name="DescriptionKey" value="modArmorDeadEyeDesc"/>
		<property name="Material" value="MmechanicalParts"/>
		<property name="Weight" value="5"/>
		<property name="EconomicValue" value="150"/>
		<property name="EconomicBundleSize" value="1"/>
		<effect_group tiered="false">
			<passive_effect name="AttributeLevel" tags="attPerception" operation="base_add" value="2"/>
			<passive_effect name="PerkLevel" tags="perkDeadEye" operation="base_add" value="1"/>
		</effect_group>
	</item_modifier>
	
	<item_modifier name="modArmorDemolitionsExpert" installable_tags="armor" type="attachment">
		<property name="Extends" value="modGeneralMaster"/>
		
		<property name="CustomIconTint" value="2AE8E2" />
		<property name="Material" value="MmechanicalParts"/>
		<property name="Weight" value="5"/>
		<property name="EconomicValue" value="150"/>
		<property name="EconomicBundleSize" value="1"/>
		<effect_group tiered="false">
			<passive_effect name="AttributeLevel" tags="attPerception" operation="base_add" value="2"/>
			<passive_effect name="PerkLevel" tags="perkDemolitionsExpert" operation="base_add" value="1"/>
		</effect_group>
	</item_modifier>
	
	<item_modifier name="modArmorJavelinMaster" installable_tags="armor" type="attachment">
		<property name="Extends" value="modGeneralMaster"/>
		
		<property name="CustomIconTint" value="2AE8E2" />
		<property name="Material" value="MmechanicalParts"/>
		<property name="Weight" value="5"/>
		<property name="EconomicValue" value="150"/>
		<property name="EconomicBundleSize" value="1"/>
		<effect_group tiered="false">
			<passive_effect name="AttributeLevel" tags="attPerception" operation="base_add" value="2"/>
			<passive_effect name="PerkLevel" tags="perkJavelinMaster" operation="base_add" value="1"/>
		</effect_group>
	</item_modifier>
	
	<item_modifier name="modArmorLockPicking" installable_tags="armor" type="attachment">
		<property name="Extends" value="modGeneralMaster"/>
		
		<property name="CustomIconTint" value="2AE8E2" />
		<property name="Material" value="MmechanicalParts"/>
		<property name="Weight" value="5"/>
		<property name="EconomicValue" value="150"/>
		<property name="EconomicBundleSize" value="1"/>
		<effect_group tiered="false">
			<passive_effect name="AttributeLevel" tags="attPerception" operation="base_add" value="2"/>
			<passive_effect name="PerkLevel" tags="perkLockPicking" operation="base_add" value="1"/>
		</effect_group>
	</item_modifier>
	
	<item_modifier name="modArmorInfiltrator" installable_tags="armor" type="attachment">
		<property name="Extends" value="modGeneralMaster"/>
		
		<property name="CustomIconTint" value="2AE8E2" />
		<property name="Material" value="MmechanicalParts"/>
		<property name="Weight" value="5"/>
		<property name="EconomicValue" value="150"/>
		<property name="EconomicBundleSize" value="1"/>
		<effect_group tiered="false">
			<passive_effect name="AttributeLevel" tags="attPerception" operation="base_add" value="2"/>
			<passive_effect name="PerkLevel" tags="perkInfiltrator" operation="base_add" value="1"/>
		</effect_group>
	</item_modifier>
	
	<item_modifier name="modArmorAnimalTracker" installable_tags="armor" type="attachment">
		<property name="Extends" value="modGeneralMaster"/>
		
		<property name="CustomIconTint" value="2AE8E2" />
		<property name="Material" value="MmechanicalParts"/>
		<property name="Weight" value="5"/>
		<property name="EconomicValue" value="150"/>
		<property name="EconomicBundleSize" value="1"/>
		<effect_group tiered="false">
			<passive_effect name="AttributeLevel" tags="attPerception" operation="base_add" value="2"/>
			<passive_effect name="PerkLevel" tags="perkAnimalTracker" operation="base_add" value="1"/>
		</effect_group>
	</item_modifier>
	
	<item_modifier name="modArmorPenetrator" installable_tags="armor" type="attachment">
		<property name="Extends" value="modGeneralMaster"/>
		
		<property name="CustomIconTint" value="2AE8E2" />
		<property name="Material" value="MmechanicalParts"/>
		<property name="Weight" value="5"/>
		<property name="EconomicValue" value="150"/>
		<property name="EconomicBundleSize" value="1"/>
		<effect_group tiered="false">
			<passive_effect name="AttributeLevel" tags="attPerception" operation="base_add" value="2"/>
			<passive_effect name="PerkLevel" tags="perkPenetrator" operation="base_add" value="1"/>
		</effect_group>
	</item_modifier>
	
	<item_modifier name="modArmorLuckyLooter" installable_tags="armor" type="attachment">
		<property name="Extends" value="modGeneralMaster"/>
		
		<property name="CustomIconTint" value="2AE8E2" />
		<property name="Material" value="MmechanicalParts"/>
		<property name="Weight" value="5"/>
		<property name="EconomicValue" value="150"/>
		<property name="EconomicBundleSize" value="1"/>
		<effect_group tiered="false">
			<passive_effect name="AttributeLevel" tags="attPerception" operation="base_add" value="2"/>
			<passive_effect name="PerkLevel" tags="perkLuckyLooter" operation="base_add" value="1"/>
		</effect_group>
	</item_modifier>
	
	<item_modifier name="modArmorTreasureHunter" installable_tags="armor" type="attachment">
		<property name="Extends" value="modGeneralMaster"/>
		
		<property name="CustomIconTint" value="2AE8E2" />
		<property name="Material" value="MmechanicalParts"/>
		<property name="Weight" value="5"/>
		<property name="EconomicValue" value="150"/>
		<property name="EconomicBundleSize" value="1"/>
		<effect_group tiered="false">
			<passive_effect name="AttributeLevel" tags="attPerception" operation="base_add" value="2"/>
			<passive_effect name="PerkLevel" tags="perkTreasureHunter" operation="base_add" value="1"/>
		</effect_group>
	</item_modifier>
	
	<item_modifier name="modArmorSalvageOperations" installable_tags="armor" type="attachment">
		<property name="Extends" value="modGeneralMaster"/>
		
		<property name="CustomIconTint" value="2AE8E2" />
		<property name="Material" value="MmechanicalParts"/>
		<property name="Weight" value="5"/>
		<property name="EconomicValue" value="150"/>
		<property name="EconomicBundleSize" value="1"/>
		<effect_group tiered="false">
			<passive_effect name="AttributeLevel" tags="attPerception" operation="base_add" value="2"/>
			<passive_effect name="PerkLevel" tags="perkSalvageOperations" operation="base_add" value="1"/>
		</effect_group>
	</item_modifier>
	
	<item_modifier name="modArmorBoomstick" installable_tags="armor" type="attachment">
		<property name="Extends" value="modGeneralMaster"/>
		
		<property name="CustomIconTint" value="2AE872" />
		<property name="Material" value="MmechanicalParts"/>
		<property name="Weight" value="5"/>
		<property name="EconomicValue" value="150"/>
		<property name="EconomicBundleSize" value="1"/>
		<effect_group tiered="false">
			<passive_effect name="AttributeLevel" tags="attStrength" operation="base_add" value="2"/>
			<passive_effect name="PerkLevel" tags="perkBoomstick" operation="base_add" value="1"/>
		</effect_group>
	</item_modifier>
	
	<item_modifier name="modArmorPummelPete" installable_tags="armor" type="attachment">
		<property name="Extends" value="modGeneralMaster"/>
		
		<property name="CustomIconTint" value="2AE872" />
		<property name="Material" value="MmechanicalParts"/>
		<property name="Weight" value="5"/>
		<property name="EconomicValue" value="150"/>
		<property name="EconomicBundleSize" value="1"/>
		<effect_group tiered="false">
			<passive_effect name="AttributeLevel" tags="attStrength" operation="base_add" value="2"/>
			<passive_effect name="PerkLevel" tags="perkPummelPete" operation="base_add" value="1"/>
		</effect_group>
	</item_modifier>
	
	<item_modifier name="modArmorSkullCrusher" installable_tags="armor" type="attachment">
		<property name="Extends" value="modGeneralMaster"/>
		
		<property name="CustomIconTint" value="2AE872" />
		<property name="Material" value="MmechanicalParts"/>
		<property name="Weight" value="5"/>
		<property name="EconomicValue" value="150"/>
		<property name="EconomicBundleSize" value="1"/>
		<effect_group tiered="false">
			<passive_effect name="AttributeLevel" tags="attStrength" operation="base_add" value="2"/>
			<passive_effect name="PerkLevel" tags="perkSkullCrusher" operation="base_add" value="1"/>
		</effect_group>
	</item_modifier>
	
	<item_modifier name="modArmorSexualTyrannosaurus" installable_tags="armor" type="attachment">
		<property name="Extends" value="modGeneralMaster"/>
		
		<property name="CustomIconTint" value="2AE872" />
		<property name="Material" value="MmechanicalParts"/>
		<property name="Weight" value="5"/>
		<property name="EconomicValue" value="150"/>
		<property name="EconomicBundleSize" value="1"/>
		<effect_group tiered="false">
			<passive_effect name="AttributeLevel" tags="attStrength" operation="base_add" value="2"/>
			<passive_effect name="PerkLevel" tags="perkSexualTrex" operation="base_add" value="1"/>
		</effect_group>
	</item_modifier>

	<item_modifier name="modArmorHeavyArmor" installable_tags="armor" type="attachment">
		<property name="Extends" value="modGeneralMaster"/>
		
		<property name="CustomIconTint" value="2AE872" />
		<property name="Material" value="MmechanicalParts"/>
		<property name="Weight" value="5"/>
		<property name="EconomicValue" value="150"/>
		<property name="EconomicBundleSize" value="1"/>
		<effect_group tiered="false">
			<passive_effect name="AttributeLevel" tags="attStrength" operation="base_add" value="2"/>
			<passive_effect name="PerkLevel" tags="perkHeavyArmor" operation="base_add" value="1"/>
		</effect_group>
	</item_modifier>
	
	<item_modifier name="modArmorPackMule" installable_tags="armor" type="attachment">
		<property name="Extends" value="modGeneralMaster"/>
		
		<property name="CustomIconTint" value="2AE872" />
		<property name="Material" value="MmechanicalParts"/>
		<property name="Weight" value="5"/>
		<property name="EconomicValue" value="150"/>
		<property name="EconomicBundleSize" value="1"/>
		<effect_group tiered="false">
			<passive_effect name="AttributeLevel" tags="attStrength" operation="base_add" value="2"/>
			<passive_effect name="PerkLevel" tags="perkPackMule" operation="base_add" value="1"/>
		</effect_group>
	</item_modifier>
	
	<item_modifier name="modArmorMasterChef" installable_tags="armor" type="attachment">
		<property name="Extends" value="modGeneralMaster"/>
		
		<property name="CustomIconTint" value="2AE872" />
		<property name="Material" value="MmechanicalParts"/>
		<property name="Weight" value="5"/>
		<property name="EconomicValue" value="150"/>
		<property name="EconomicBundleSize" value="1"/>
		<effect_group tiered="false">
			<passive_effect name="AttributeLevel" tags="attStrength" operation="base_add" value="2"/>
			<passive_effect name="PerkLevel" tags="perkMasterChef" operation="base_add" value="1"/>
		</effect_group>
	</item_modifier>
	
	<item_modifier name="modArmorMiner69er" installable_tags="armor" type="attachment">
		<property name="Extends" value="modGeneralMaster"/>
		
		<property name="CustomIconTint" value="2AE872" />
		<property name="Material" value="MmechanicalParts"/>
		<property name="Weight" value="5"/>
		<property name="EconomicValue" value="150"/>
		<property name="EconomicBundleSize" value="1"/>
		<effect_group tiered="false">
			<passive_effect name="AttributeLevel" tags="attStrength" operation="base_add" value="2"/>
			<passive_effect name="PerkLevel" tags="perkMiner69r" operation="base_add" value="1"/>
		</effect_group>
	</item_modifier>
	
	<item_modifier name="modArmorMotherLode" installable_tags="armor" type="attachment">
		<property name="Extends" value="modGeneralMaster"/>
		
		<property name="CustomIconTint" value="2AE872" />
		<property name="Material" value="MmechanicalParts"/>
		<property name="Weight" value="5"/>
		<property name="EconomicValue" value="150"/>
		<property name="EconomicBundleSize" value="1"/>
		<effect_group tiered="false">
			<passive_effect name="AttributeLevel" tags="attStrength" operation="base_add" value="2"/>
			<passive_effect name="PerkLevel" tags="perkMotherlode" operation="base_add" value="1"/>
		</effect_group>
	</item_modifier>
	
	<item_modifier name="modArmorTheBrawler" installable_tags="armor" type="attachment">
		<property name="Extends" value="modGeneralMaster"/>
		
		<property name="CustomIconTint" value="ECf356" />
		<property name="Material" value="MmechanicalParts"/>
		<property name="Weight" value="5"/>
		<property name="EconomicValue" value="150"/>
		<property name="EconomicBundleSize" value="1"/>
		<effect_group tiered="false">
			<passive_effect name="AttributeLevel" tags="attFortitude" operation="base_add" value="2"/>
			<passive_effect name="PerkLevel" tags="perkTheBrawler" operation="base_add" value="1"/>
		</effect_group>
	</item_modifier>
	
	<item_modifier name="modArmorMachineGunner" installable_tags="armor" type="attachment">
		<property name="Extends" value="modGeneralMaster"/>
		
		<property name="CustomIconTint" value="ECf356" />
		<property name="Material" value="MmechanicalParts"/>
		<property name="Weight" value="5"/>
		<property name="EconomicValue" value="150"/>
		<property name="EconomicBundleSize" value="1"/>
		<effect_group tiered="false">
			<passive_effect name="AttributeLevel" tags="attFortitude" operation="base_add" value="2"/>
			<passive_effect name="PerkLevel" tags="perkMachineGunner" operation="base_add" value="1"/>
		</effect_group>
	</item_modifier>
	
	<item_modifier name="modArmorTheHuntsman" installable_tags="armor" type="attachment">
		<property name="Extends" value="modGeneralMaster"/>
		
		<property name="CustomIconTint" value="ECf356" />
		<property name="Material" value="MmechanicalParts"/>
		<property name="Weight" value="5"/>
		<property name="EconomicValue" value="150"/>
		<property name="EconomicBundleSize" value="1"/>
		<effect_group tiered="false">
			<passive_effect name="AttributeLevel" tags="attFortitude" operation="base_add" value="2"/>
			<passive_effect name="PerkLevel" tags="perkTheHuntsman" operation="base_add" value="1"/>
		</effect_group>
	</item_modifier>
	
	<item_modifier name="modArmorWellInsulated" installable_tags="armor" type="attachment">
		<property name="Extends" value="modGeneralMaster"/>
		
		<property name="CustomIconTint" value="ECf356" />
		<property name="Material" value="MmechanicalParts"/>
		<property name="Weight" value="5"/>
		<property name="EconomicValue" value="150"/>
		<property name="EconomicBundleSize" value="1"/>
		<effect_group tiered="false">
			<passive_effect name="AttributeLevel" tags="attFortitude" operation="base_add" value="2"/>
			<passive_effect name="PerkLevel" tags="perkWellInsulated" operation="base_add" value="1"/>
		</effect_group>
	</item_modifier>
	
	<item_modifier name="modArmorLivingOffTheLand" installable_tags="armor" type="attachment">
		<property name="Extends" value="modGeneralMaster"/>
		
		<property name="CustomIconTint" value="ECf356" />
		<property name="Material" value="MmechanicalParts"/>
		<property name="Weight" value="5"/>
		<property name="EconomicValue" value="150"/>
		<property name="EconomicBundleSize" value="1"/>
		<effect_group tiered="false">
			<passive_effect name="AttributeLevel" tags="attFortitude" operation="base_add" value="2"/>
			<passive_effect name="PerkLevel" tags="perkLivingOffTheLand" operation="base_add" value="1"/>
		</effect_group>
	</item_modifier>
	
	<item_modifier name="modArmorPainTolerance" installable_tags="armor" type="attachment">
		<property name="Extends" value="modGeneralMaster"/>
		
		<property name="CustomIconTint" value="ECf356" />
		<property name="Material" value="MmechanicalParts"/>
		<property name="Weight" value="5"/>
		<property name="EconomicValue" value="150"/>
		<property name="EconomicBundleSize" value="1"/>
		<effect_group tiered="false">
			<passive_effect name="AttributeLevel" tags="attFortitude" operation="base_add" value="2"/>
			<passive_effect name="PerkLevel" tags="perkPainTolerance" operation="base_add" value="1"/>
		</effect_group>
	</item_modifier>
	
	<item_modifier name="modArmorHealingFactor" installable_tags="armor" type="attachment">
		<property name="Extends" value="modGeneralMaster"/>
		
		<property name="CustomIconTint" value="ECf356" />
		<property name="Material" value="MmechanicalParts"/>
		<property name="Weight" value="5"/>
		<property name="EconomicValue" value="150"/>
		<property name="EconomicBundleSize" value="1"/>
		<effect_group tiered="false">
			<passive_effect name="AttributeLevel" tags="attFortitude" operation="base_add" value="2"/>
			<passive_effect name="PerkLevel" tags="perkHealingFactor" operation="base_add" value="1"/>
		</effect_group>
	</item_modifier>
	
	<item_modifier name="modArmorIronGut" installable_tags="armor" type="attachment">
		<property name="Extends" value="modGeneralMaster"/>
		
		<property name="CustomIconTint" value="ECf356" />
		<property name="Material" value="MmechanicalParts"/>
		<property name="Weight" value="5"/>
		<property name="EconomicValue" value="150"/>
		<property name="EconomicBundleSize" value="1"/>
		<effect_group tiered="false">
			<passive_effect name="AttributeLevel" tags="attFortitude" operation="base_add" value="2"/>
			<passive_effect name="PerkLevel" tags="perkSlowMetabolism" operation="base_add" value="1"/>
		</effect_group>
	</item_modifier>
	
	<item_modifier name="modArmorRule1Cardio" installable_tags="armor"  type="attachment">
		<property name="Extends" value="modGeneralMaster"/>
		
		<property name="CustomIconTint" value="ECf356" />
		<property name="Material" value="MmechanicalParts"/>
		<property name="Weight" value="5"/>
		<property name="EconomicValue" value="150"/>
		<property name="EconomicBundleSize" value="1"/>
		<effect_group tiered="false">
			<passive_effect name="AttributeLevel" tags="attFortitude" operation="base_add" value="2"/>
			<passive_effect name="PerkLevel" tags="perkRuleOneCardio" operation="base_add" value="1"/>
		</effect_group>
	</item_modifier>
	
	<item_modifier name="modArmorArchery" installable_tags="armor"  type="attachment">
		<property name="Extends" value="modGeneralMaster"/>
		
		<property name="CustomIconTint" value="BA56F3" />
		<property name="Material" value="MmechanicalParts"/>
		<property name="Weight" value="5"/>
		<property name="EconomicValue" value="150"/>
		<property name="EconomicBundleSize" value="1"/>
		<effect_group tiered="false">
			<passive_effect name="AttributeLevel" tags="attAgility" operation="base_add" value="2"/>
			<passive_effect name="PerkLevel" tags="perkArchery" operation="base_add" value="1"/>
		</effect_group>
	</item_modifier>
	
	<item_modifier name="modArmorGunslinger" installable_tags="armor"  type="attachment">
		<property name="Extends" value="modGeneralMaster"/>
		
		<property name="CustomIconTint" value="BA56F3" />
		<property name="Material" value="MmechanicalParts"/>
		<property name="Weight" value="5"/>
		<property name="EconomicValue" value="150"/>
		<property name="EconomicBundleSize" value="1"/>
		<effect_group tiered="false">
			<passive_effect name="AttributeLevel" tags="attAgility" operation="base_add" value="2"/>
			<passive_effect name="PerkLevel" tags="perkGunslinger" operation="base_add" value="1"/>
		</effect_group>
	</item_modifier>
	
	<item_modifier name="modArmorDeepCuts" installable_tags="armor"  type="attachment">
		<property name="Extends" value="modGeneralMaster"/>
		
		<property name="CustomIconTint" value="BA56F3" />
		<property name="Material" value="MmechanicalParts"/>
		<property name="Weight" value="5"/>
		<property name="EconomicValue" value="150"/>
		<property name="EconomicBundleSize" value="1"/>
		<effect_group tiered="false">
			<passive_effect name="AttributeLevel" tags="attAgility" operation="base_add" value="2"/>
			<passive_effect name="PerkLevel" tags="perkDeepCuts" operation="base_add" value="1"/>
		</effect_group>
	</item_modifier>
	
	<item_modifier name="modArmorRunAndGun" installable_tags="armor"  type="attachment">
		<property name="Extends" value="modGeneralMaster"/>
		
		<property name="CustomIconTint" value="BA56F3" />
		<property name="Material" value="MmechanicalParts"/>
		<property name="Weight" value="5"/>
		<property name="EconomicValue" value="150"/>
		<property name="EconomicBundleSize" value="1"/>
		<effect_group tiered="false">
			<passive_effect name="AttributeLevel" tags="attAgility" operation="base_add" value="2"/>
			<passive_effect name="PerkLevel" tags="perkRunAndGun" operation="base_add" value="1"/>
		</effect_group>
	</item_modifier>
	
	<item_modifier name="modArmorFlurryOfBlows" installable_tags="armor"  type="attachment">
		<property name="Extends" value="modGeneralMaster"/>
		
		<property name="CustomIconTint" value="BA56F3" />
		<property name="Material" value="MmechanicalParts"/>
		<property name="Weight" value="5"/>
		<property name="EconomicValue" value="150"/>
		<property name="EconomicBundleSize" value="1"/>
		<effect_group tiered="false">
			<passive_effect name="AttributeLevel" tags="attAgility" operation="base_add" value="2"/>
			<passive_effect name="PerkLevel" tags="perkFlurryOfBlows" operation="base_add" value="1"/>
		</effect_group>
	</item_modifier>
	
	<item_modifier name="modArmorLightArmor" installable_tags="armor"  type="attachment">
		<property name="Extends" value="modGeneralMaster"/>
		
		<property name="CustomIconTint" value="BA56F3" />
		<property name="Material" value="MmechanicalParts"/>
		<property name="Weight" value="5"/>
		<property name="EconomicValue" value="150"/>
		<property name="EconomicBundleSize" value="1"/>
		<effect_group tiered="false">
			<passive_effect name="AttributeLevel" tags="attAgility" operation="base_add" value="2"/>
			<passive_effect name="PerkLevel" tags="perkLightArmor" operation="base_add" value="1"/>
		</effect_group>
	</item_modifier>
	
	<item_modifier name="modArmorParkour" installable_tags="armor"  type="attachment">
		<property name="Extends" value="modGeneralMaster"/>
		
		<property name="CustomIconTint" value="BA56F3" />
		<property name="Material" value="MmechanicalParts"/>
		<property name="Weight" value="5"/>
		<property name="EconomicValue" value="150"/>
		<property name="EconomicBundleSize" value="1"/>
		<effect_group tiered="false">
			<passive_effect name="AttributeLevel" tags="attAgility" operation="base_add" value="2"/>
			<passive_effect name="PerkLevel" tags="perkParkour" operation="base_add" value="1"/>
		</effect_group>
	</item_modifier>
	
	<item_modifier name="modArmorHiddenStrike" installable_tags="armor"  type="attachment">
		<property name="Extends" value="modGeneralMaster"/>
		
		<property name="CustomIconTint" value="BA56F3" />
		<property name="Material" value="MmechanicalParts"/>
		<property name="Weight" value="5"/>
		<property name="EconomicValue" value="150"/>
		<property name="EconomicBundleSize" value="1"/>
		<effect_group tiered="false">
			<passive_effect name="AttributeLevel" tags="attAgility" operation="base_add" value="2"/>
			<passive_effect name="PerkLevel" tags="perkHiddenStrike" operation="base_add" value="1"/>
		</effect_group>
	</item_modifier>
	
	<item_modifier name="modArmorFromTheShadows" installable_tags="armor" type="attachment">
		<property name="Extends" value="modGeneralMaster"/>
		
		<property name="CustomIconTint" value="BA56F3" />
		<property name="Material" value="MmechanicalParts"/>
		<property name="Weight" value="5"/>
		<property name="EconomicValue" value="150"/>
		<property name="EconomicBundleSize" value="1"/>
		<effect_group tiered="false">
			<passive_effect name="AttributeLevel" tags="attAgility" operation="base_add" value="2"/>
			<passive_effect name="PerkLevel" tags="perkFromTheShadows" operation="base_add" value="1"/>
		</effect_group>
	</item_modifier>
	
	<item_modifier name="modArmorElectrocutioner" installable_tags="armor"  type="attachment">
		<property name="Extends" value="modGeneralMaster"/>
		
		<property name="CustomIconTint" value="DA3030" />
		<property name="Material" value="MmechanicalParts"/>
		<property name="Weight" value="5"/>
		<property name="EconomicValue" value="150"/>
		<property name="EconomicBundleSize" value="1"/>
		<effect_group tiered="false">
			<passive_effect name="AttributeLevel" tags="attIntellect" operation="base_add" value="2"/>
			<passive_effect name="PerkLevel" tags="perkElectrocutioner" operation="base_add" value="1"/>
		</effect_group>
	</item_modifier>
	
	<item_modifier name="modArmorRoboticsMaster" installable_tags="armor"  type="attachment">
		<property name="Extends" value="modGeneralMaster"/>
		<property name="CustomIconTint" value="DA3030" />
		<property name="Material" value="MmechanicalParts"/>
		<property name="Weight" value="5"/>
		<property name="EconomicValue" value="150"/>
		<property name="EconomicBundleSize" value="1"/>
		<effect_group tiered="false">
			<passive_effect name="AttributeLevel" tags="attIntellect" operation="base_add" value="2"/>
			<passive_effect name="PerkLevel" tags="perkTurrets" operation="base_add" value="1"/>
		</effect_group>
	</item_modifier>
	
	<item_modifier name="modArmorBetterBarter" installable_tags="armor"  type="attachment">
		<property name="Extends" value="modGeneralMaster"/>
		<property name="CustomIconTint" value="DA3030" />
		<property name="Material" value="MmechanicalParts"/>
		<property name="Weight" value="5"/>
		<property name="EconomicValue" value="150"/>
		<property name="EconomicBundleSize" value="1"/>
		<effect_group tiered="false">
			<passive_effect name="AttributeLevel" tags="attIntellect" operation="base_add" value="2"/>
			<passive_effect name="PerkLevel" tags="perkBetterBarter" operation="base_add" value="1"/>
		</effect_group>
	</item_modifier>
	
	<item_modifier name="modArmorDaringAdventurer" installable_tags="armor"  type="attachment">
		<property name="Extends" value="modGeneralMaster"/>
		<property name="CustomIconTint" value="DA3030" />
		<property name="Material" value="MmechanicalParts"/>
		<property name="Weight" value="5"/>
		<property name="EconomicValue" value="150"/>
		<property name="EconomicBundleSize" value="1"/>
		<effect_group tiered="false">
			<passive_effect name="AttributeLevel" tags="attIntellect" operation="base_add" value="2"/>
			<passive_effect name="PerkLevel" tags="perkDaringAdventurer" operation="base_add" value="1"/>
		</effect_group>
	</item_modifier>
	
	<item_modifier name="modArmorCharismaticNature" installable_tags="armor"  type="attachment">
		<property name="Extends" value="modGeneralMaster"/>
		<property name="CustomIconTint" value="DA3030" />
		<property name="Material" value="MmechanicalParts"/>
		<property name="Weight" value="5"/>
		<property name="EconomicValue" value="150"/>
		<property name="EconomicBundleSize" value="1"/>
		<effect_group tiered="false">
			<passive_effect name="AttributeLevel" tags="attIntellect" operation="base_add" value="2"/>
			<passive_effect name="PerkLevel" tags="perkCharismaticNature" operation="base_add" value="1"/>
		</effect_group>
	</item_modifier>
	
	<item_modifier name="modArmorPhysician" installable_tags="armor"  type="attachment">
		<property name="Extends" value="modGeneralMaster"/>
		<property name="CustomIconTint" value="DA3030" />
		<property name="Material" value="MmechanicalParts"/>
		<property name="Weight" value="5"/>
		<property name="EconomicValue" value="150"/>
		<property name="EconomicBundleSize" value="1"/>
		<effect_group tiered="false">
			<passive_effect name="AttributeLevel" tags="attIntellect" operation="base_add" value="2"/>
			<passive_effect name="PerkLevel" tags="perkPhysician" operation="base_add" value="1"/>
		</effect_group>
	</item_modifier>
	
	<item_modifier name="modArmorAdvancedEngineering" installable_tags="armor"  type="attachment">
		<property name="Extends" value="modGeneralMaster"/>
		<property name="CustomIconTint" value="DA3030" />
		<property name="Material" value="MmechanicalParts"/>
		<property name="Weight" value="5"/>
		<property name="EconomicValue" value="150"/>
		<property name="EconomicBundleSize" value="1"/>
		<effect_group tiered="false">
			<passive_effect name="AttributeLevel" tags="attIntellect" operation="base_add" value="2"/>
			<passive_effect name="PerkLevel" tags="perkAdvancedEngineering" operation="base_add" value="1"/>
		</effect_group>
	</item_modifier>
	
	<item_modifier name="modArmorGreaseMonkey" installable_tags="armor"  type="attachment">
		<property name="Extends" value="modGeneralMaster"/>
		<property name="CustomIconTint" value="DA3030" />
		<property name="Material" value="MmechanicalParts"/>
		<property name="Weight" value="5"/>
		<property name="EconomicValue" value="150"/>
		<property name="EconomicBundleSize" value="1"/>
		<effect_group tiered="false">
			<passive_effect name="AttributeLevel" tags="attIntellect" operation="base_add" value="2"/>
			<passive_effect name="PerkLevel" tags="perkGreaseMonkey" operation="base_add" value="1"/>
		</effect_group>
	</item_modifier>
	
	<!-- Master Mods Final -->
		<item_modifier name="modArmorMasterDeadEye" installable_tags="armor" type="attachment">
		<property name="Extends" value="modGeneralMaster"/>
		<property name="CustomIconTint" value="2AE8E2" />
		<property name="DescriptionKey" value="modArmorMasterDeadEyeDesc"/>
		<property name="Material" value="MmechanicalParts"/>
		<property name="Weight" value="5"/>
		<property name="EconomicValue" value="150"/>
		<property name="EconomicBundleSize" value="1"/>
		<effect_group tiered="false">
			<passive_effect name="AttributeLevel" tags="attPerception" operation="base_add" value="10"/>
			<passive_effect name="PerkLevel" tags="perkDeadEye" operation="base_add" value="5"/>
		</effect_group>
	</item_modifier>
	
	<item_modifier name="modArmorMasterDemolitionsExpert" installable_tags="armor" type="attachment">
		<property name="Extends" value="modGeneralMaster"/>
		<property name="DescriptionKey" value="modArmorMasterDemolitionsExpertDesc"/>
		<property name="CustomIconTint" value="2AE8E2" />
		<property name="Material" value="MmechanicalParts"/>
		<property name="Weight" value="5"/>
		<property name="EconomicValue" value="150"/>
		<property name="EconomicBundleSize" value="1"/>
		<effect_group tiered="false">
			<passive_effect name="AttributeLevel" tags="attPerception" operation="base_add" value="10"/>
			<passive_effect name="PerkLevel" tags="perkDemolitionsExpert" operation="base_add" value="5"/>
		</effect_group>
	</item_modifier>
	
	<item_modifier name="modArmorMasterJavelinMaster" installable_tags="armor" type="attachment">
		<property name="Extends" value="modGeneralMaster"/>
		<property name="DescriptionKey" value="modArmorMasterJavelinMasterDesc"/> <!-- -->
		<property name="CustomIconTint" value="2AE8E2" />
		<property name="Material" value="MmechanicalParts"/>
		<property name="Weight" value="5"/>
		<property name="EconomicValue" value="150"/>
		<property name="EconomicBundleSize" value="1"/>
		<effect_group tiered="false">
			<passive_effect name="AttributeLevel" tags="attPerception" operation="base_add" value="10"/>
			<passive_effect name="PerkLevel" tags="perkJavelinMaster" operation="base_add" value="5"/>
		</effect_group>
	</item_modifier>
	
	<item_modifier name="modArmorMasterLockPicking" installable_tags="armor" type="attachment">
		<property name="Extends" value="modGeneralMaster"/>
		<property name="DescriptionKey" value="modArmorMasterLockPickingDesc"/>
		<property name="CustomIconTint" value="2AE8E2" />
		<property name="Material" value="MmechanicalParts"/>
		<property name="Weight" value="5"/>
		<property name="EconomicValue" value="150"/>
		<property name="EconomicBundleSize" value="1"/>
		<effect_group tiered="false">
			<passive_effect name="AttributeLevel" tags="attPerception" operation="base_add" value="6"/>
			<passive_effect name="PerkLevel" tags="perkLockPicking" operation="base_add" value="3"/>
		</effect_group>
	</item_modifier>
	
	<item_modifier name="modArmorMasterInfiltrator" installable_tags="armor" type="attachment">
		<property name="Extends" value="modGeneralMaster"/>
		<property name="DescriptionKey" value="modArmorMasterInfiltratorDesc"/>
		<property name="CustomIconTint" value="2AE8E2" />
		<property name="Material" value="MmechanicalParts"/>
		<property name="Weight" value="5"/>
		<property name="EconomicValue" value="150"/>
		<property name="EconomicBundleSize" value="1"/>
		<effect_group tiered="false">
			<passive_effect name="AttributeLevel" tags="attPerception" operation="base_add" value="6"/>
			<passive_effect name="PerkLevel" tags="perkInfiltrator" operation="base_add" value="3"/>
		</effect_group>
	</item_modifier>
	
	<item_modifier name="modArmorMasterAnimalTracker" installable_tags="armor" type="attachment">
		<property name="Extends" value="modGeneralMaster"/>
		<property name="DescriptionKey" value="modArmorMasterAnimalTrackerDesc"/>
		<property name="CustomIconTint" value="2AE8E2" />
		<property name="Material" value="MmechanicalParts"/>
		<property name="Weight" value="5"/>
		<property name="EconomicValue" value="150"/>
		<property name="EconomicBundleSize" value="1"/>
		<effect_group tiered="false">
			<passive_effect name="AttributeLevel" tags="attPerception" operation="base_add" value="6"/>
			<passive_effect name="PerkLevel" tags="perkAnimalTracker" operation="base_add" value="3"/>
		</effect_group>
	</item_modifier>
	
	<item_modifier name="modArmorMasterPenetrator" installable_tags="armor" type="attachment">
		<property name="Extends" value="modGeneralMaster"/>
		<property name="DescriptionKey" value="modArmorMasterPenetratorDesc"/>
		<property name="CustomIconTint" value="2AE8E2" />
		<property name="Material" value="MmechanicalParts"/>
		<property name="Weight" value="5"/>
		<property name="EconomicValue" value="150"/>
		<property name="EconomicBundleSize" value="1"/>
		<effect_group tiered="false">
			<passive_effect name="AttributeLevel" tags="attPerception" operation="base_add" value="8"/>
			<passive_effect name="PerkLevel" tags="perkPenetrator" operation="base_add" value="4"/>
		</effect_group>
	</item_modifier>
	
	<item_modifier name="modArmorMasterLuckyLooter" installable_tags="armor" type="attachment">
		<property name="Extends" value="modGeneralMaster"/>
		<property name="DescriptionKey" value="modArmorMasterLuckyLooterDesc"/>
		<property name="CustomIconTint" value="2AE8E2" />
		<property name="Material" value="MmechanicalParts"/>
		<property name="Weight" value="5"/>
		<property name="EconomicValue" value="150"/>
		<property name="EconomicBundleSize" value="1"/>
		<effect_group tiered="false">
			<passive_effect name="AttributeLevel" tags="attPerception" operation="base_add" value="10"/>
			<passive_effect name="PerkLevel" tags="perkLuckyLooter" operation="base_add" value="5"/>
		</effect_group>
	</item_modifier>
	
	<item_modifier name="modArmorMasterTreasureHunter" installable_tags="armor" type="attachment">
		<property name="Extends" value="modGeneralMaster"/>
		<property name="DescriptionKey" value="modArmorMasterTreasureHunterDesc"/>
		<property name="CustomIconTint" value="2AE8E2" />
		<property name="Material" value="MmechanicalParts"/>
		<property name="Weight" value="5"/>
		<property name="EconomicValue" value="150"/>
		<property name="EconomicBundleSize" value="1"/>
		<effect_group tiered="false">
			<passive_effect name="AttributeLevel" tags="attPerception" operation="base_add" value="6"/>
			<passive_effect name="PerkLevel" tags="perkTreasureHunter" operation="base_add" value="3"/>
		</effect_group>
	</item_modifier>
	
	<item_modifier name="modArmorMasterSalvageOperations" installable_tags="armor" type="attachment">
		<property name="Extends" value="modGeneralMaster"/>
		<property name="DescriptionKey" value="modArmorMasterSalvageOperationsDesc"/>
		<property name="CustomIconTint" value="2AE8E2" />
		<property name="Material" value="MmechanicalParts"/>
		<property name="Weight" value="5"/>
		<property name="EconomicValue" value="150"/>
		<property name="EconomicBundleSize" value="1"/>
		<effect_group tiered="false">
			<passive_effect name="AttributeLevel" tags="attPerception" operation="base_add" value="10"/>
			<passive_effect name="PerkLevel" tags="perkSalvageOperations" operation="base_add" value="5"/>
		</effect_group>
	</item_modifier>
	
	<item_modifier name="modArmorMasterBoomstick" installable_tags="armor" type="attachment">
		<property name="Extends" value="modGeneralMaster"/>
		<property name="DescriptionKey" value="modArmorMasterBoomstickDesc"/>
		<property name="CustomIconTint" value="2AE872" />
		<property name="Material" value="MmechanicalParts"/>
		<property name="Weight" value="5"/>
		<property name="EconomicValue" value="150"/>
		<property name="EconomicBundleSize" value="1"/>
		<effect_group tiered="false">
			<passive_effect name="AttributeLevel" tags="attStrength" operation="base_add" value="10"/>
			<passive_effect name="PerkLevel" tags="perkBoomstick" operation="base_add" value="5"/>
		</effect_group>
	</item_modifier>
	
	<item_modifier name="modArmorMasterPummelPete" installable_tags="armor" type="attachment">
		<property name="Extends" value="modGeneralMaster"/>
		<property name="DescriptionKey" value="modArmorMasterPummelPeteDesc"/>
		<property name="CustomIconTint" value="2AE872" />
		<property name="Material" value="MmechanicalParts"/>
		<property name="Weight" value="5"/>
		<property name="EconomicValue" value="150"/>
		<property name="EconomicBundleSize" value="1"/>
		<effect_group tiered="false">
			<passive_effect name="AttributeLevel" tags="attStrength" operation="base_add" value="10"/>
			<passive_effect name="PerkLevel" tags="perkPummelPete" operation="base_add" value="5"/>
		</effect_group>
	</item_modifier>
	
	<item_modifier name="modArmorMasterSkullCrusher" installable_tags="armor" type="attachment">
		<property name="Extends" value="modGeneralMaster"/>
		<property name="DescriptionKey" value="modArmorMasterSkullCrusherDesc"/>
		<property name="CustomIconTint" value="2AE872" />
		<property name="Material" value="MmechanicalParts"/>
		<property name="Weight" value="5"/>
		<property name="EconomicValue" value="150"/>
		<property name="EconomicBundleSize" value="1"/>
		<effect_group tiered="false">
			<passive_effect name="AttributeLevel" tags="attStrength" operation="base_add" value="10"/>
			<passive_effect name="PerkLevel" tags="perkSkullCrusher" operation="base_add" value="5"/>
		</effect_group>
	</item_modifier>
	
	<item_modifier name="modArmorMasterSexualTyrannosaurus" installable_tags="armor" type="attachment">
		<property name="Extends" value="modGeneralMaster"/>
		<property name="DescriptionKey" value="modArmorMasterSexualTyrannosaurusDesc"/>
		<property name="CustomIconTint" value="2AE872" />
		<property name="Material" value="MmechanicalParts"/>
		<property name="Weight" value="5"/>
		<property name="EconomicValue" value="150"/>
		<property name="EconomicBundleSize" value="1"/>
		<effect_group tiered="false">
			<passive_effect name="AttributeLevel" tags="attStrength" operation="base_add" value="8"/>
			<passive_effect name="PerkLevel" tags="perkSexualTrex" operation="base_add" value="4"/>
		</effect_group>
	</item_modifier>

	<item_modifier name="modArmorMasterHeavyArmor" installable_tags="armor" type="attachment">
		<property name="Extends" value="modGeneralMaster"/>
		<property name="DescriptionKey" value="modArmorMasterHeavyArmorDesc"/>
		<property name="CustomIconTint" value="2AE872" />
		<property name="Material" value="MmechanicalParts"/>
		<property name="Weight" value="5"/>
		<property name="EconomicValue" value="150"/>
		<property name="EconomicBundleSize" value="1"/>
		<effect_group tiered="false">
			<passive_effect name="AttributeLevel" tags="attStrength" operation="base_add" value="8"/>
			<passive_effect name="PerkLevel" tags="perkHeavyArmor" operation="base_add" value="4"/>
		</effect_group>
	</item_modifier>
	
	<item_modifier name="modArmorMasterPackMule" installable_tags="armor" type="attachment">
		<property name="Extends" value="modGeneralMaster"/>
		<property name="DescriptionKey" value="modArmorMasterPackMuleDesc"/>
		<property name="CustomIconTint" value="2AE872" />
		<property name="Material" value="MmechanicalParts"/>
		<property name="Weight" value="5"/>
		<property name="EconomicValue" value="150"/>
		<property name="EconomicBundleSize" value="1"/>
		<effect_group tiered="false">
			<passive_effect name="AttributeLevel" tags="attStrength" operation="base_add" value="10"/>
			<passive_effect name="PerkLevel" tags="perkPackMule" operation="base_add" value="5"/>
		</effect_group>
	</item_modifier>
	
	<item_modifier name="modArmorMasterMasterChef" installable_tags="armor" type="attachment">
		<property name="Extends" value="modGeneralMaster"/>
		<property name="DescriptionKey" value="modArmorMasterMasterChefDesc"/>
		<property name="CustomIconTint" value="2AE872" />
		<property name="Material" value="MmechanicalParts"/>
		<property name="Weight" value="5"/>
		<property name="EconomicValue" value="150"/>
		<property name="EconomicBundleSize" value="1"/>
		<effect_group tiered="false">
			<passive_effect name="AttributeLevel" tags="attStrength" operation="base_add" value="10"/>
			<passive_effect name="PerkLevel" tags="perkMasterChef" operation="base_add" value="5"/>
		</effect_group>
	</item_modifier>
	
	<item_modifier name="modArmorMasterMiner69er" installable_tags="armor" type="attachment">
		<property name="Extends" value="modGeneralMaster"/>
		<property name="DescriptionKey" value="modArmorMasterMiner69erDesc"/>
		<property name="CustomIconTint" value="2AE872" />
		<property name="Material" value="MmechanicalParts"/>
		<property name="Weight" value="5"/>
		<property name="EconomicValue" value="150"/>
		<property name="EconomicBundleSize" value="1"/>
		<effect_group tiered="false">
			<passive_effect name="AttributeLevel" tags="attStrength" operation="base_add" value="10"/>
			<passive_effect name="PerkLevel" tags="perkMiner69r" operation="base_add" value="5"/>
		</effect_group>
	</item_modifier>
	
	<item_modifier name="modArmorMasterMotherLode" installable_tags="armor" type="attachment">
		<property name="Extends" value="modGeneralMaster"/>
		<property name="DescriptionKey" value="modArmorMasterMotherLodeDesc"/>
		<property name="CustomIconTint" value="2AE872" />
		<property name="Material" value="MmechanicalParts"/>
		<property name="Weight" value="5"/>
		<property name="EconomicValue" value="150"/>
		<property name="EconomicBundleSize" value="1"/>
		<effect_group tiered="false">
			<passive_effect name="AttributeLevel" tags="attStrength" operation="base_add" value="10"/>
			<passive_effect name="PerkLevel" tags="perkMotherlode" operation="base_add" value="5"/>
		</effect_group>
	</item_modifier>
	
	<item_modifier name="modArmorMasterTheBrawler" installable_tags="armor" type="attachment">
		<property name="Extends" value="modGeneralMaster"/>
		<property name="DescriptionKey" value="modArmorMasterTheBrawlerDesc"/>
		<property name="CustomIconTint" value="ECf356" />
		<property name="Material" value="MmechanicalParts"/>
		<property name="Weight" value="5"/>
		<property name="EconomicValue" value="150"/>
		<property name="EconomicBundleSize" value="1"/>
		<effect_group tiered="false">
			<passive_effect name="AttributeLevel" tags="attFortitude" operation="base_add" value="10"/>
			<passive_effect name="PerkLevel" tags="perkTheBrawler" operation="base_add" value="5"/>
		</effect_group>
	</item_modifier>
	
	<item_modifier name="modArmorMasterMachineGunner" installable_tags="armor" type="attachment">
		<property name="Extends" value="modGeneralMaster"/>
		<property name="DescriptionKey" value="modArmorMasterMachineGunnerDesc"/>
		<property name="CustomIconTint" value="ECf356" />
		<property name="Material" value="MmechanicalParts"/>
		<property name="Weight" value="5"/>
		<property name="EconomicValue" value="150"/>
		<property name="EconomicBundleSize" value="1"/>
		<effect_group tiered="false">
			<passive_effect name="AttributeLevel" tags="attFortitude" operation="base_add" value="10"/>
			<passive_effect name="PerkLevel" tags="perkMachineGunner" operation="base_add" value="5"/>
		</effect_group>
	</item_modifier>
	
	<item_modifier name="modArmorMasterTheHuntsman" installable_tags="armor" type="attachment">
		<property name="Extends" value="modGeneralMaster"/>
		<property name="DescriptionKey" value="modArmorMasterTheHuntsmanDesc"/>
		<property name="CustomIconTint" value="ECf356" />
		<property name="Material" value="MmechanicalParts"/>
		<property name="Weight" value="5"/>
		<property name="EconomicValue" value="150"/>
		<property name="EconomicBundleSize" value="1"/>
		<effect_group tiered="false">
			<passive_effect name="AttributeLevel" tags="attFortitude" operation="base_add" value="10"/>
			<passive_effect name="PerkLevel" tags="perkTheHuntsman" operation="base_add" value="5"/>
		</effect_group>
	</item_modifier>
	
	<item_modifier name="modArmorMasterWellInsulated" installable_tags="armor" type="attachment">
		<property name="Extends" value="modGeneralMaster"/>
		<property name="DescriptionKey" value="modArmorMasterWellInsulatedDesc"/>
		<property name="CustomIconTint" value="ECf356" />
		<property name="Material" value="MmechanicalParts"/>
		<property name="Weight" value="5"/>
		<property name="EconomicValue" value="150"/>
		<property name="EconomicBundleSize" value="1"/>
		<effect_group tiered="false">
			<passive_effect name="AttributeLevel" tags="attFortitude" operation="base_add" value="6"/>
			<passive_effect name="PerkLevel" tags="perkWellInsulated" operation="base_add" value="3"/>
		</effect_group>
	</item_modifier>
	
	<item_modifier name="modArmorMasterLivingOffTheLand" installable_tags="armor" type="attachment">
		<property name="Extends" value="modGeneralMaster"/>
		<property name="DescriptionKey" value="modArmorMasterLivingOffTheLandDesc"/>
		<property name="CustomIconTint" value="ECf356" />
		<property name="Material" value="MmechanicalParts"/>
		<property name="Weight" value="5"/>
		<property name="EconomicValue" value="150"/>
		<property name="EconomicBundleSize" value="1"/>
		<effect_group tiered="false">
			<passive_effect name="AttributeLevel" tags="attFortitude" operation="base_add" value="6"/>
			<passive_effect name="PerkLevel" tags="perkLivingOffTheLand" operation="base_add" value="3"/>
		</effect_group>
	</item_modifier>
	
	<item_modifier name="modArmorMasterPainTolerance" installable_tags="armor" type="attachment">
		<property name="Extends" value="modGeneralMaster"/>
		<property name="DescriptionKey" value="modArmorMasterPainToleranceDesc"/>
		<property name="CustomIconTint" value="ECf356" />
		<property name="Material" value="MmechanicalParts"/>
		<property name="Weight" value="5"/>
		<property name="EconomicValue" value="150"/>
		<property name="EconomicBundleSize" value="1"/>
		<effect_group tiered="false">
			<passive_effect name="AttributeLevel" tags="attFortitude" operation="base_add" value="10"/>
			<passive_effect name="PerkLevel" tags="perkPainTolerance" operation="base_add" value="5"/>
		</effect_group>
	</item_modifier>
	
	<item_modifier name="modArmorMasterHealingFactor" installable_tags="armor" type="attachment">
		<property name="Extends" value="modGeneralMaster"/>
		<property name="DescriptionKey" value="modArmorMasterHealingFactorDesc"/>
		<property name="CustomIconTint" value="ECf356" />
		<property name="Material" value="MmechanicalParts"/>
		<property name="Weight" value="5"/>
		<property name="EconomicValue" value="150"/>
		<property name="EconomicBundleSize" value="1"/>
		<effect_group tiered="false">
			<passive_effect name="AttributeLevel" tags="attFortitude" operation="base_add" value="10"/>
			<passive_effect name="PerkLevel" tags="perkHealingFactor" operation="base_add" value="5"/>
		</effect_group>
	</item_modifier>
	
	<item_modifier name="modArmorMasterIronGut" installable_tags="armor" type="attachment">
		<property name="Extends" value="modGeneralMaster"/>
		<property name="DescriptionKey" value="modArmorMasterSlowMetabolismDesc"/>
		<property name="CustomIconTint" value="ECf356" />
		<property name="Material" value="MmechanicalParts"/>
		<property name="Weight" value="5"/>
		<property name="EconomicValue" value="150"/>
		<property name="EconomicBundleSize" value="1"/>
		<effect_group tiered="false">
			<passive_effect name="AttributeLevel" tags="attFortitude" operation="base_add" value="10"/>
			<passive_effect name="PerkLevel" tags="perkSlowMetabolism" operation="base_add" value="5"/>
		</effect_group>
	</item_modifier>

	<item_modifier name="modArmorMasterRule1Cardio" installable_tags="armor"  type="attachment">
		<property name="Extends" value="modGeneralMaster"/>
		<property name="DescriptionKey" value="modArmorMasterRule1CardioDesc"/>
		<property name="CustomIconTint" value="ECf356" />
		<property name="Material" value="MmechanicalParts"/>
		<property name="Weight" value="5"/>
		<property name="EconomicValue" value="150"/>
		<property name="EconomicBundleSize" value="1"/>
		<effect_group tiered="false">
			<passive_effect name="AttributeLevel" tags="attFortitude" operation="base_add" value="6"/>
			<passive_effect name="PerkLevel" tags="perkRuleOneCardio" operation="base_add" value="3"/>
		</effect_group>
	</item_modifier>
	
	<item_modifier name="modArmorMasterArchery" installable_tags="armor"  type="attachment">
		<property name="Extends" value="modGeneralMaster"/>
		<property name="DescriptionKey" value="modArmorMasterArcheryDesc"/>
		<property name="CustomIconTint" value="BA56F3" />
		<property name="Material" value="MmechanicalParts"/>
		<property name="Weight" value="5"/>
		<property name="EconomicValue" value="150"/>
		<property name="EconomicBundleSize" value="1"/>
		<effect_group tiered="false">
			<passive_effect name="AttributeLevel" tags="attAgility" operation="base_add" value="10"/>
			<passive_effect name="PerkLevel" tags="perkArchery" operation="base_add" value="5"/>
		</effect_group>
	</item_modifier>
	
	<item_modifier name="modArmorMasterGunslinger" installable_tags="armor"  type="attachment">
		<property name="Extends" value="modGeneralMaster"/>
		<property name="DescriptionKey" value="modArmorMasterGunslingerDesc"/>
		<property name="CustomIconTint" value="BA56F3" />
		<property name="Material" value="MmechanicalParts"/>
		<property name="Weight" value="5"/>
		<property name="EconomicValue" value="150"/>
		<property name="EconomicBundleSize" value="1"/>
		<effect_group tiered="false">
			<passive_effect name="AttributeLevel" tags="attAgility" operation="base_add" value="10"/>
			<passive_effect name="PerkLevel" tags="perkGunslinger" operation="base_add" value="5"/>
		</effect_group>
	</item_modifier>
	
	<item_modifier name="modArmorMasterDeepCuts" installable_tags="armor"  type="attachment">
		<property name="Extends" value="modGeneralMaster"/>
		<property name="DescriptionKey" value="modArmorMasterDeepCutsDesc"/>
		<property name="CustomIconTint" value="BA56F3" />
		<property name="Material" value="MmechanicalParts"/>
		<property name="Weight" value="5"/>
		<property name="EconomicValue" value="150"/>
		<property name="EconomicBundleSize" value="1"/>
		<effect_group tiered="false">
			<passive_effect name="AttributeLevel" tags="attAgility" operation="base_add" value="10"/>
			<passive_effect name="PerkLevel" tags="perkDeepCuts" operation="base_add" value="5"/>
		</effect_group>
	</item_modifier>
	
	<item_modifier name="modArmorMasterRunAndGun" installable_tags="armor"  type="attachment">
		<property name="Extends" value="modGeneralMaster"/>
		<property name="DescriptionKey" value="modArmorMasterRunAndGunDesc"/>
		<property name="CustomIconTint" value="BA56F3" />
		<property name="Material" value="MmechanicalParts"/>
		<property name="Weight" value="5"/>
		<property name="EconomicValue" value="150"/>
		<property name="EconomicBundleSize" value="1"/>
		<effect_group tiered="false">
			<passive_effect name="AttributeLevel" tags="attAgility" operation="base_add" value="6"/>
			<passive_effect name="PerkLevel" tags="perkRunAndGun" operation="base_add" value="3"/>
		</effect_group>
	</item_modifier>
	
	<item_modifier name="modArmorMasterFlurryOfBlows" installable_tags="armor"  type="attachment">
		<property name="Extends" value="modGeneralMaster"/>
		<property name="DescriptionKey" value="modArmorMasterFlurryOfBlowsDesc"/>
		<property name="CustomIconTint" value="BA56F3" />
		<property name="Material" value="MmechanicalParts"/>
		<property name="Weight" value="5"/>
		<property name="EconomicValue" value="150"/>
		<property name="EconomicBundleSize" value="1"/>
		<effect_group tiered="false">
			<passive_effect name="AttributeLevel" tags="attAgility" operation="base_add" value="6"/>
			<passive_effect name="PerkLevel" tags="perkFlurryOfBlows" operation="base_add" value="3"/>
		</effect_group>
	</item_modifier>
	
	<item_modifier name="modArmorMasterLightArmor" installable_tags="armor"  type="attachment">
		<property name="Extends" value="modGeneralMaster"/>
		<property name="DescriptionKey" value="modArmorMasterLightArmorDesc"/>
		<property name="CustomIconTint" value="BA56F3" />
		<property name="Material" value="MmechanicalParts"/>
		<property name="Weight" value="5"/>
		<property name="EconomicValue" value="150"/>
		<property name="EconomicBundleSize" value="1"/>
		<effect_group tiered="false">
			<passive_effect name="AttributeLevel" tags="attAgility" operation="base_add" value="8"/>
			<passive_effect name="PerkLevel" tags="perkLightArmor" operation="base_add" value="4"/>
		</effect_group>
	</item_modifier>
	
	<item_modifier name="modArmorMasterParkour" installable_tags="armor"  type="attachment">
		<property name="Extends" value="modGeneralMaster"/>
		<property name="DescriptionKey" value="modArmorMasterParkourDesc"/>
		<property name="CustomIconTint" value="BA56F3" />
		<property name="Material" value="MmechanicalParts"/>
		<property name="Weight" value="5"/>
		<property name="EconomicValue" value="150"/>
		<property name="EconomicBundleSize" value="1"/>
		<effect_group tiered="false">
			<passive_effect name="AttributeLevel" tags="attAgility" operation="base_add" value="8"/>
			<passive_effect name="PerkLevel" tags="perkParkour" operation="base_add" value="4"/>
		</effect_group>
	</item_modifier>
	
	<item_modifier name="modArmorMasterHiddenStrike" installable_tags="armor"  type="attachment">
		<property name="Extends" value="modGeneralMaster"/>
		<property name="DescriptionKey" value="modArmorMasterHiddenStrikeDesc"/>
		<property name="CustomIconTint" value="BA56F3" />
		<property name="Material" value="MmechanicalParts"/>
		<property name="Weight" value="5"/>
		<property name="EconomicValue" value="150"/>
		<property name="EconomicBundleSize" value="1"/>
		<effect_group tiered="false">
			<passive_effect name="AttributeLevel" tags="attAgility" operation="base_add" value="10"/>
			<passive_effect name="PerkLevel" tags="perkHiddenStrike" operation="base_add" value="5"/>
		</effect_group>
	</item_modifier>
	
	<item_modifier name="modArmorMasterFromTheShadows" installable_tags="armor" type="attachment">
		<property name="Extends" value="modGeneralMaster"/>
		<property name="DescriptionKey" value="modArmorMasterFromTheShadowsDesc"/>
		<property name="CustomIconTint" value="BA56F3" />
		<property name="Material" value="MmechanicalParts"/>
		<property name="Weight" value="5"/>
		<property name="EconomicValue" value="150"/>
		<property name="EconomicBundleSize" value="1"/>
		<effect_group tiered="false">
			<passive_effect name="AttributeLevel" tags="attAgility" operation="base_add" value="10"/>
			<passive_effect name="PerkLevel" tags="perkFromTheShadows" operation="base_add" value="5"/>
		</effect_group>
	</item_modifier>
	
	<item_modifier name="modArmorMasterElectrocutioner" installable_tags="armor"  type="attachment">
		<property name="Extends" value="modGeneralMaster"/>
		<property name="DescriptionKey" value="modArmorMasterElectrocutionerDesc"/>
		<property name="CustomIconTint" value="DA3030" />
		<property name="Material" value="MmechanicalParts"/>
		<property name="Weight" value="5"/>
		<property name="EconomicValue" value="150"/>
		<property name="EconomicBundleSize" value="1"/>
		<effect_group tiered="false">
			<passive_effect name="AttributeLevel" tags="attIntellect" operation="base_add" value="10"/>
			<passive_effect name="PerkLevel" tags="perkElectrocutioner" operation="base_add" value="5"/>
		</effect_group>
	</item_modifier>
	
	<item_modifier name="modArmorMasterRoboticsMaster" installable_tags="armor"  type="attachment">
		<property name="Extends" value="modGeneralMaster"/>
		<property name="DescriptionKey" value="modArmorMasterRoboticsMasterDesc"/>
		<property name="CustomIconTint" value="DA3030" />
		<property name="Material" value="MmechanicalParts"/>
		<property name="Weight" value="5"/>
		<property name="EconomicValue" value="150"/>
		<property name="EconomicBundleSize" value="1"/>
		<effect_group tiered="false">
			<passive_effect name="AttributeLevel" tags="attIntellect" operation="base_add" value="10"/>
			<passive_effect name="PerkLevel" tags="perkTurrets" operation="base_add" value="5"/>
		</effect_group>
	</item_modifier>
	
	<item_modifier name="modArmorMasterBetterBarter" installable_tags="armor"  type="attachment">
		<property name="Extends" value="modGeneralMaster"/>
		<property name="DescriptionKey" value="modArmorMasterBetterBarterDesc"/>
		<property name="CustomIconTint" value="DA3030" />
		<property name="Material" value="MmechanicalParts"/>
		<property name="Weight" value="5"/>
		<property name="EconomicValue" value="150"/>
		<property name="EconomicBundleSize" value="1"/>
		<effect_group tiered="false">
			<passive_effect name="AttributeLevel" tags="attIntellect" operation="base_add" value="10"/>
			<passive_effect name="PerkLevel" tags="perkBetterBarter" operation="base_add" value="5"/>
		</effect_group>
	</item_modifier>
	
	<item_modifier name="modArmorMasterDaringAdventurer" installable_tags="armor"  type="attachment">
		<property name="Extends" value="modGeneralMaster"/>
		<property name="DescriptionKey" value="modArmorMasterDaringAdventurerDesc"/>
		<property name="CustomIconTint" value="DA3030" />
		<property name="Material" value="MmechanicalParts"/>
		<property name="Weight" value="5"/>
		<property name="EconomicValue" value="150"/>
		<property name="EconomicBundleSize" value="1"/>
		<effect_group tiered="false">
			<passive_effect name="AttributeLevel" tags="attIntellect" operation="base_add" value="8"/>
			<passive_effect name="PerkLevel" tags="perkDaringAdventurer" operation="base_add" value="4"/>
		</effect_group>
	</item_modifier>
	
	<item_modifier name="modArmorMasterCharismaticNature" installable_tags="armor"  type="attachment">
		<property name="Extends" value="modGeneralMaster"/>
		<property name="DescriptionKey" value="modArmorMasterperkCharismaticNatureDesc"/>
		<property name="CustomIconTint" value="DA3030" />
		<property name="Material" value="MmechanicalParts"/>
		<property name="Weight" value="5"/>
		<property name="EconomicValue" value="150"/>
		<property name="EconomicBundleSize" value="1"/>
		<effect_group tiered="false">
			<passive_effect name="AttributeLevel" tags="attIntellect" operation="base_add" value="8"/>
			<passive_effect name="PerkLevel" tags="perkCharismaticNature" operation="base_add" value="4"/>
		</effect_group>
	</item_modifier>
	
	<item_modifier name="modArmorMasterPhysician" installable_tags="armor"  type="attachment">
		<property name="Extends" value="modGeneralMaster"/>
		<property name="DescriptionKey" value="modArmorMasterPhysicianDesc"/>
		<property name="CustomIconTint" value="DA3030" />
		<property name="Material" value="MmechanicalParts"/>
		<property name="Weight" value="5"/>
		<property name="EconomicValue" value="150"/>
		<property name="EconomicBundleSize" value="1"/>
		<effect_group tiered="false">
			<passive_effect name="AttributeLevel" tags="attIntellect" operation="base_add" value="8"/>
			<passive_effect name="PerkLevel" tags="perkPhysician" operation="base_add" value="4"/>
		</effect_group>
	</item_modifier>
	
	<item_modifier name="modArmorMasterAdvancedEngineering" installable_tags="armor"  type="attachment">
		<property name="Extends" value="modGeneralMaster"/>
		<property name="DescriptionKey" value="modArmorMasterAdvancedEngineeringDesc"/>
		<property name="CustomIconTint" value="DA3030" />
		<property name="Material" value="MmechanicalParts"/>
		<property name="Weight" value="5"/>
		<property name="EconomicValue" value="150"/>
		<property name="EconomicBundleSize" value="1"/>
		<effect_group tiered="false">
			<passive_effect name="AttributeLevel" tags="attIntellect" operation="base_add" value="10"/>
			<passive_effect name="PerkLevel" tags="perkAdvancedEngineering" operation="base_add" value="5"/>
		</effect_group>
	</item_modifier>
	
	<item_modifier name="modArmorMasterGreaseMonkey" installable_tags="armor"  type="attachment">
		<property name="Extends" value="modGeneralMaster"/>
		<property name="DescriptionKey" value="modArmorMasterGreaseMonkeyDesc"/>
		<property name="CustomIconTint" value="DA3030" />
		<property name="Material" value="MmechanicalParts"/>
		<property name="Weight" value="5"/>
		<property name="EconomicValue" value="150"/>
		<property name="EconomicBundleSize" value="1"/>
		<effect_group tiered="false">
			<passive_effect name="AttributeLevel" tags="attIntellect" operation="base_add" value="10"/>
			<passive_effect name="PerkLevel" tags="perkGreaseMonkey" operation="base_add" value="5"/>
		</effect_group>
	</item_modifier>
	
</append>

</config>