<config>

	<append xpath="/lootcontainers/lootgroup[@name='toolParts']" count="1">
		<item name="modArmorDeadEye" count ="1" loot_prob_template="veryLow"/>
		<item name="modArmorDemolitionsExpert" count ="1" loot_prob_template="veryLow"/>
		<item name="modArmorLockPicking" count ="1" loot_prob_template="veryLow"/>
		<item name="modArmorInfiltrator" count ="1" loot_prob_template="veryLow"/>
		<item name="modArmorAnimalTracker" count ="1" loot_prob_template="veryLow"/>
		<item name="modArmorPenetrator" count ="1" loot_prob_template="veryLow"/>
		<item name="modArmorLuckyLooter" count ="1" loot_prob_template="veryLow"/>
		<item name="modArmorTreasureHunter" count ="1" loot_prob_template="veryLow"/>
		<item name="modArmorSalvageOperations" count ="1" loot_prob_template="veryLow"/>
		<item name="modArmorBoomstick" count ="1" loot_prob_template="veryLow"/>
		<item name="modArmorPummelPete" count ="1" loot_prob_template="veryLow"/>
		<item name="modArmorSkullCrusher" count ="1" loot_prob_template="veryLow"/>
		<item name="modArmorSexualTyrannosaurus" count ="1" loot_prob_template="veryLow"/>
		<item name="modArmorHeavyArmor" count ="1" loot_prob_template="veryLow"/>
		<item name="modArmorPackMule" count ="1" loot_prob_template="veryLow"/>
		<item name="modArmorMasterChef" count ="1" loot_prob_template="veryLow"/>
		<item name="modArmorMiner69er" count ="1" loot_prob_template="veryLow"/>
		<item name="modArmorMotherLode" count ="1" loot_prob_template="veryLow"/>
		<item name="modArmorTheBrawler" count ="1" loot_prob_template="veryLow"/>
		<item name="modArmorMachineGunner" count ="1" loot_prob_template="veryLow"/>
		<item name="modArmorTheHuntsman" count ="1" loot_prob_template="veryLow"/>
		<item name="modArmorWellInsulated" count ="1" loot_prob_template="veryLow"/>
		<item name="modArmorLivingOffTheLand" count ="1" loot_prob_template="veryLow"/>
		<item name="modArmorPainTolerance" count ="1" loot_prob_template="veryLow"/>
		<item name="modArmorHealingFactor" count ="1" loot_prob_template="veryLow"/>
		<item name="modArmorIronGut" count ="1" loot_prob_template="veryLow"/>
		<item name="modArmorRule1Cardio" count ="1" loot_prob_template="veryLow"/>
		<item name="modArmorArchery" count ="1" loot_prob_template="veryLow"/>
		<item name="modArmorGunslinger" count ="1" loot_prob_template="veryLow"/>
		<item name="modArmorDeepCuts" count ="1" loot_prob_template="veryLow"/>
		<item name="modArmorRunAndGun" count ="1" loot_prob_template="veryLow"/>
		<item name="modArmorFlurryOfBlows" count ="1" loot_prob_template="veryLow"/>
		<item name="modArmorLightArmor" count ="1" loot_prob_template="veryLow"/>
		<item name="modArmorParkour" count ="1" loot_prob_template="veryLow"/>
		<item name="modArmorHiddenStrike" count ="1" loot_prob_template="veryLow"/>
		<item name="modArmorFromTheShadows" count ="1" loot_prob_template="veryLow"/>
		<item name="modArmorElectrocutioner" count ="1" loot_prob_template="veryLow"/>
		<item name="modArmorRoboticsMaster" count ="1" loot_prob_template="veryLow"/>
		<item name="modArmorBetterBarter" count ="1" loot_prob_template="veryLow"/>
		<item name="modArmorDaringAdventurer" count ="1" loot_prob_template="veryLow"/>
		<item name="modArmorCharismaticNature" count ="1" loot_prob_template="veryLow"/>
		<item name="modArmorPhysician" count ="1" loot_prob_template="veryLow"/>
		<item name="modArmorAdvancedEngineering" count ="1" loot_prob_template="veryLow"/>
		<item name="modArmorGreaseMonkey" count ="1" loot_prob_template="veryLow"/>
		<item name="modArmorJavelinMaster" count ="1" loot_prob_template="veryLow"/>
		<item name="modArmorSexualTyrannosaurus" count ="1" loot_prob_template="veryLow"/>
	</append>

	<append xpath="/lootcontainers/lootgroup[@name='groupScrapUncommon']" count="1">
		<item name="modArmorDeadEye" count ="1" loot_prob_template="veryLow"/>
		<item name="modArmorDemolitionsExpert" count ="1" loot_prob_template="veryLow"/>
		<item name="modArmorLockPicking" count ="1" loot_prob_template="veryLow"/>
		<item name="modArmorInfiltrator" count ="1" loot_prob_template="veryLow"/>
		<item name="modArmorAnimalTracker" count ="1" loot_prob_template="veryLow"/>
		<item name="modArmorPenetrator" count ="1" loot_prob_template="veryLow"/>
		<item name="modArmorLuckyLooter" count ="1" loot_prob_template="veryLow"/>
		<item name="modArmorTreasureHunter" count ="1" loot_prob_template="veryLow"/>
		<item name="modArmorSalvageOperations" count ="1" loot_prob_template="veryLow"/>
		<item name="modArmorBoomstick" count ="1" loot_prob_template="veryLow"/>
		<item name="modArmorPummelPete" count ="1" loot_prob_template="veryLow"/>
		<item name="modArmorSkullCrusher" count ="1" loot_prob_template="veryLow"/>
		<item name="modArmorSexualTyrannosaurus" count ="1" loot_prob_template="veryLow"/>
		<item name="modArmorHeavyArmor" count ="1" loot_prob_template="veryLow"/>
		<item name="modArmorPackMule" count ="1" loot_prob_template="veryLow"/>
		<item name="modArmorMasterChef" count ="1" loot_prob_template="veryLow"/>
		<item name="modArmorMiner69er" count ="1" loot_prob_template="veryLow"/>
		<item name="modArmorMotherLode" count ="1" loot_prob_template="veryLow"/>
		<item name="modArmorTheBrawler" count ="1" loot_prob_template="veryLow"/>
		<item name="modArmorMachineGunner" count ="1" loot_prob_template="veryLow"/>
		<item name="modArmorTheHuntsman" count ="1" loot_prob_template="veryLow"/>
		<item name="modArmorWellInsulated" count ="1" loot_prob_template="veryLow"/>
		<item name="modArmorLivingOffTheLand" count ="1" loot_prob_template="veryLow"/>
		<item name="modArmorPainTolerance" count ="1" loot_prob_template="veryLow"/>
		<item name="modArmorHealingFactor" count ="1" loot_prob_template="veryLow"/>
		<item name="modArmorIronGut" count ="1" loot_prob_template="veryLow"/>
		<item name="modArmorRule1Cardio" count ="1" loot_prob_template="veryLow"/>
		<item name="modArmorArchery" count ="1" loot_prob_template="veryLow"/>
		<item name="modArmorGunslinger" count ="1" loot_prob_template="veryLow"/>
		<item name="modArmorDeepCuts" count ="1" loot_prob_template="veryLow"/>
		<item name="modArmorRunAndGun" count ="1" loot_prob_template="veryLow"/>
		<item name="modArmorFlurryOfBlows" count ="1" loot_prob_template="veryLow"/>
		<item name="modArmorLightArmor" count ="1" loot_prob_template="veryLow"/>
		<item name="modArmorParkour" count ="1" loot_prob_template="veryLow"/>
		<item name="modArmorHiddenStrike" count ="1" loot_prob_template="veryLow"/>
		<item name="modArmorFromTheShadows" count ="1" loot_prob_template="veryLow"/>
		<item name="modArmorElectrocutioner" count ="1" loot_prob_template="veryLow"/>
		<item name="modArmorRoboticsMaster" count ="1" loot_prob_template="veryLow"/>
		<item name="modArmorBetterBarter" count ="1" loot_prob_template="veryLow"/>
		<item name="modArmorDaringAdventurer" count ="1" loot_prob_template="veryLow"/>
		<item name="modArmorCharismaticNature" count ="1" loot_prob_template="veryLow"/>
		<item name="modArmorPhysician" count ="1" loot_prob_template="veryLow"/>
		<item name="modArmorAdvancedEngineering" count ="1" loot_prob_template="veryLow"/>
		<item name="modArmorGreaseMonkey" count ="1" loot_prob_template="veryLow"/>
		<item name="modArmorJavelinMaster" count ="1" loot_prob_template="veryLow"/>
		<item name="modArmorSexualTyrannosaurus" count ="1" loot_prob_template="veryLow"/>
	</append>
	
<!-- new lootgroup called classMods -->

	<insertAfter xpath="/lootcontainers/lootgroup[@name='empty']"> 
		<lootgroup name="classMods">
			<item name="modArmorDeadEye" count ="1" loot_prob_template="veryLow"/>
			<item name="modArmorDemolitionsExpert" count ="1" loot_prob_template="veryLow" />
			<item name="modArmorLockPicking" count ="1" loot_prob_template="veryLow" />
			<item name="modArmorInfiltrator" count ="1" loot_prob_template="veryLow" />
			<item name="modArmorAnimalTracker" count ="1" loot_prob_template="veryLow" />
			<item name="modArmorPenetrator" count ="1" loot_prob_template="veryLow" />
			<item name="modArmorLuckyLooter" count ="1" loot_prob_template="veryLow" />
			<item name="modArmorTreasureHunter" count ="1" loot_prob_template="veryLow" />
			<item name="modArmorSalvageOperations" count ="1" loot_prob_template="veryLow" />
			<item name="modArmorBoomstick" count ="1" loot_prob_template="veryLow" />
			<item name="modArmorPummelPete" count ="1" loot_prob_template="veryLow" />
			<item name="modArmorSkullCrusher" count ="1" loot_prob_template="veryLow" />
			<item name="modArmorSexualTyrannosaurus" count ="1" loot_prob_template="veryLow" />
			<item name="modArmorHeavyArmor" count ="1" loot_prob_template="veryLow" />
			<item name="modArmorPackMule" count ="1" loot_prob_template="veryLow" />
			<item name="modArmorMasterChef" count ="1" loot_prob_template="veryLow" />
			<item name="modArmorMiner69er" count ="1" loot_prob_template="veryLow" />
			<item name="modArmorMotherLode" count ="1" loot_prob_template="veryLow" />
			<item name="modArmorTheBrawler" count ="1" loot_prob_template="veryLow" />
			<item name="modArmorMachineGunner" count ="1" loot_prob_template="veryLow" />
			<item name="modArmorTheHuntsman" count ="1" loot_prob_template="veryLow" />
			<item name="modArmorWellInsulated" count ="1" loot_prob_template="veryLow" />
			<item name="modArmorLivingOffTheLand" count ="1" loot_prob_template="veryLow" />
			<item name="modArmorPainTolerance" count ="1" loot_prob_template="veryLow" />
			<item name="modArmorHealingFactor" count ="1" loot_prob_template="veryLow" />
			<item name="modArmorIronGut" count ="1" loot_prob_template="veryLow" />
			<item name="modArmorRule1Cardio" count ="1" loot_prob_template="veryLow" />
			<item name="modArmorArchery" count ="1" loot_prob_template="veryLow" />
			<item name="modArmorGunslinger" count ="1" loot_prob_template="veryLow" />
			<item name="modArmorDeepCuts" count ="1" loot_prob_template="veryLow" />
			<item name="modArmorRunAndGun" count ="1" loot_prob_template="veryLow" />
			<item name="modArmorFlurryOfBlows" count ="1" loot_prob_template="veryLow" />
			<item name="modArmorLightArmor" count ="1" loot_prob_template="veryLow" />
			<item name="modArmorParkour" count ="1" loot_prob_template="veryLow" />
			<item name="modArmorHiddenStrike" count ="1" loot_prob_template="veryLow" />
			<item name="modArmorFromTheShadows" count ="1" loot_prob_template="veryLow" />
			<item name="modArmorElectrocutioner" count ="1" loot_prob_template="veryLow" />
			<item name="modArmorRoboticsMaster" count ="1" loot_prob_template="veryLow" />
			<item name="modArmorBetterBarter" count ="1" loot_prob_template="veryLow" />
			<item name="modArmorDaringAdventurer" count ="1" loot_prob_template="veryLow" />
			<item name="modArmorCharismaticNature" count ="1" loot_prob_template="veryLow" />
			<item name="modArmorPhysician" count ="1" loot_prob_template="veryLow" />
			<item name="modArmorAdvancedEngineering" count ="1" loot_prob_template="veryLow" />
			<item name="modArmorGreaseMonkey" count ="1" loot_prob_template="veryLow" />
			<item name="modArmorJavelinMaster" count ="1" loot_prob_template="veryLow" />
			<item name="modArmorSexualTyrannosaurus" count ="1" loot_prob_template="veryLow" />
		</lootgroup>
	</insertAfter>

	<append xpath="/lootcontainers/lootgroup[contains(@name, 'groupModAllT1')]">
		<item group="classMods"/>
	</append>
	<append xpath="/lootcontainers/lootgroup[contains(@name, 'groupModAllT2')]">
		<item group="classMods"/>
	</append>
	<append xpath="/lootcontainers/lootgroup[contains(@name, 'groupModAllT3')]">
		<item group="classMods"/>
	</append>

</config>