<config>
	<append xpath="recipes">

		<!-- ADM -->
		<recipe name="advancedModWorkbench" count="1" craft_area="workbench" tags="learnable">
			<ingredient name="resourceForgedSteel" count="50"/>
			<ingredient name="resourceMechanicalParts" count="20"/>
			<ingredient name="resourceElectricParts" count="20"/>
			<ingredient name="resourceRawDiamond" count="1"/>
		</recipe>
		<!-- Master Skill Mods -->
		<recipe name="modArmorMasterDeadEye" count="1" craft_area="advancedModWorkbench">
			<ingredient name="resourceRawDiamond" count="5"/>
			<ingredient name="modArmorDeadEye" count="5"/>
		</recipe>

		<recipe name="modArmorMasterDemolitionsExpert" count="1" craft_area="advancedModWorkbench">
			<ingredient name="resourceRawDiamond" count="5"/>
			<ingredient name="modArmorDemolitionsExpert" count="5"/>
		</recipe>
		<!-- name conflict -->
		<recipe name="modArmorMasterJavelinMaster" count="1" craft_area="advancedModWorkbench">
			<ingredient name="resourceRawDiamond" count="5"/>
			<ingredient name="modArmorJavelinMaster" count="5"/>
		</recipe>

		<recipe name="modArmorMasterLockPicking" count="1" craft_area="advancedModWorkbench">
			<ingredient name="resourceRawDiamond" count="5"/>
			<ingredient name="modArmorLockPicking" count="5"/>
		</recipe>
		
		<recipe name="modArmorMasterInfiltrator" count="1" craft_area="advancedModWorkbench">
			<ingredient name="resourceRawDiamond" count="3"/>
			<ingredient name="modArmorInfiltrator" count="3"/>
		</recipe>

		<recipe name="modArmorMasterAnimalTracker" count="1" craft_area="advancedModWorkbench">
			<ingredient name="resourceRawDiamond" count="3"/>
			<ingredient name="modArmorAnimalTracker" count="3"/>
		</recipe>
		
		<recipe name="modArmorMasterPenetrator" count="1" craft_area="advancedModWorkbench">
			<ingredient name="resourceRawDiamond" count="4"/>
			<ingredient name="modArmorPenetrator" count="4"/>
		</recipe>

		<recipe name="modArmorMasterLuckyLooter" count="1" craft_area="advancedModWorkbench">
			<ingredient name="resourceRawDiamond" count="5"/>
			<ingredient name="modArmorLuckyLooter" count="5"/>
		</recipe>
		
		<recipe name="modArmorMasterTreasureHunter" count="1" craft_area="advancedModWorkbench">
			<ingredient name="resourceRawDiamond" count="3"/>
			<ingredient name="modArmorTreasureHunter" count="3"/>
		</recipe>
		
		<recipe name="modArmorMasterSalvageOperations" count="1" craft_area="advancedModWorkbench">
			<ingredient name="resourceRawDiamond" count="5"/>
			<ingredient name="modArmorSalvageOperations" count="5"/>
		</recipe>
		
		<recipe name="modArmorMasterBoomstick" count="1" craft_area="advancedModWorkbench">
			<ingredient name="resourceRawDiamond" count="5"/>
			<ingredient name="modArmorBoomstick" count="5"/>
		</recipe>
		
		<recipe name="modArmorMasterPummelPete" count="1" craft_area="advancedModWorkbench">
			<ingredient name="resourceRawDiamond" count="5"/>
			<ingredient name="modArmorPummelPete" count="5"/>
		</recipe>
		
		<recipe name="modArmorMasterSkullCrusher" count="1" craft_area="advancedModWorkbench">
			<ingredient name="resourceRawDiamond" count="5"/>
			<ingredient name="modArmorSkullCrusher" count="5"/>
		</recipe>
		
		<recipe name="modArmorMasterSexualTyrannosaurus" count="1" craft_area="advancedModWorkbench">
			<ingredient name="resourceRawDiamond" count="4"/>
			<ingredient name="modArmorSexualTyrannosaurus" count="4"/>
		</recipe>
		
		<recipe name="modArmorMasterHeavyArmor" count="1" craft_area="advancedModWorkbench">
			<ingredient name="resourceRawDiamond" count="4"/>
			<ingredient name="modArmorHeavyArmor" count="4"/>
		</recipe>
		
		<recipe name="modArmorMasterPackMule" count="1" craft_area="advancedModWorkbench">
			<ingredient name="resourceRawDiamond" count="5"/>
			<ingredient name="modArmorPackMule" count="5"/>
		</recipe>
		
		<recipe name="modArmorMasterMasterChef" count="1" craft_area="advancedModWorkbench">
			<ingredient name="resourceRawDiamond" count="5"/>
			<ingredient name="modArmorMasterChef" count="5"/>
		</recipe>
		
		<recipe name="modArmorMasterMiner69er" count="1" craft_area="advancedModWorkbench">
			<ingredient name="resourceRawDiamond" count="5"/>
			<ingredient name="modArmorMiner69er" count="5"/>
		</recipe>
		
		<recipe name="modArmorMasterMotherLode" count="1" craft_area="advancedModWorkbench">
			<ingredient name="resourceRawDiamond" count="5"/>
			<ingredient name="modArmorMotherLode" count="5"/>
		</recipe>
		
		<recipe name="modArmorMasterTheBrawler" count="1" craft_area="advancedModWorkbench">
			<ingredient name="resourceRawDiamond" count="5"/>
			<ingredient name="modArmorTheBrawler" count="5"/>
		</recipe>
		
		<recipe name="modArmorMasterMachineGunner" count="1" craft_area="advancedModWorkbench">
			<ingredient name="resourceRawDiamond" count="5"/>
			<ingredient name="modArmorMachineGunner" count="5"/>
		</recipe>
		
		<recipe name="modArmorMasterTheHuntsman" count="1" craft_area="advancedModWorkbench">
			<ingredient name="resourceRawDiamond" count="5"/>
			<ingredient name="modArmorTheHuntsman" count="5"/>
		</recipe>
		
		<recipe name="modArmorMasterWellInsulated" count="1" craft_area="advancedModWorkbench">
			<ingredient name="resourceRawDiamond" count="3"/>
			<ingredient name="modArmorWellInsulated" count="3"/>
		</recipe>
		
		<recipe name="modArmorMasterLivingOffTheLand" count="1" craft_area="advancedModWorkbench">
			<ingredient name="resourceRawDiamond" count="3"/>
			<ingredient name="modArmorLivingOffTheLand" count="3"/>
		</recipe>
		
		<recipe name="modArmorMasterPainTolerance" count="1" craft_area="advancedModWorkbench">
			<ingredient name="resourceRawDiamond" count="5"/>
			<ingredient name="modArmorPainTolerance" count="5"/>
		</recipe>
		
		<recipe name="modArmorMasterHealingFactor" count="1" craft_area="advancedModWorkbench">
			<ingredient name="resourceRawDiamond" count="5"/>
			<ingredient name="modArmorHealingFactor" count="5"/>
		</recipe>
		
		<recipe name="modArmorMasterIronGut" count="1" craft_area="advancedModWorkbench">
			<ingredient name="resourceRawDiamond" count="5"/>
			<ingredient name="modArmorIronGut" count="5"/>
		</recipe>

		<recipe name="modArmorMasterRule1Cardio" count="1" craft_area="advancedModWorkbench">
			<ingredient name="resourceRawDiamond" count="3"/>
			<ingredient name="modArmorRule1Cardio" count="3"/>
		</recipe>
		
		<recipe name="modArmorMasterArchery" count="1" craft_area="advancedModWorkbench">
			<ingredient name="resourceRawDiamond" count="5"/>
			<ingredient name="modArmorArchery" count="5"/>
		</recipe>
		
		<recipe name="modArmorMasterGunslinger" count="1" craft_area="advancedModWorkbench">
			<ingredient name="resourceRawDiamond" count="5"/>
			<ingredient name="modArmorGunslinger" count="5"/>
		</recipe>
		
		<recipe name="modArmorMasterDeepCuts" count="1" craft_area="advancedModWorkbench">
			<ingredient name="resourceRawDiamond" count="5"/>
			<ingredient name="modArmorDeepCuts" count="5"/>
		</recipe>
		
		<recipe name="modArmorMasterRunAndGun" count="1" craft_area="advancedModWorkbench">
			<ingredient name="resourceRawDiamond" count="3"/>
			<ingredient name="modArmorRunAndGun" count="3"/>
		</recipe>
		
		<recipe name="modArmorMasterFlurryOfBlows" count="1" craft_area="advancedModWorkbench">
			<ingredient name="resourceRawDiamond" count="3"/>
			<ingredient name="modArmorFlurryOfBlows" count="3"/>
		</recipe>
		
		<recipe name="modArmorMasterLightArmor" count="1" craft_area="advancedModWorkbench">
			<ingredient name="resourceRawDiamond" count="4"/>
			<ingredient name="modArmorLightArmor" count="4"/>
		</recipe>
		
		<recipe name="modArmorMasterParkour" count="1" craft_area="advancedModWorkbench">
			<ingredient name="resourceRawDiamond" count="4"/>
			<ingredient name="modArmorParkour" count="4"/>
		</recipe>
		
		<recipe name="modArmorMasterHiddenStrike" count="1" craft_area="advancedModWorkbench">
			<ingredient name="resourceRawDiamond" count="5"/>
			<ingredient name="modArmorHiddenStrike" count="5"/>
		</recipe>
		
		<recipe name="modArmorMasterFromTheShadows" count="1" craft_area="advancedModWorkbench">
			<ingredient name="resourceRawDiamond" count="5"/>
			<ingredient name="modArmorFromTheShadows" count="5"/>
		</recipe>
		
		<recipe name="modArmorMasterElectrocutioner" count="1" craft_area="advancedModWorkbench">
			<ingredient name="resourceRawDiamond" count="5"/>
			<ingredient name="modArmorElectrocutioner" count="5"/>
		</recipe>
		
		<recipe name="modArmorMasterRoboticsMaster" count="1" craft_area="advancedModWorkbench">
			<ingredient name="resourceRawDiamond" count="5"/>
			<ingredient name="modArmorRoboticsMaster" count="5"/>
		</recipe>
		
		<recipe name="modArmorMasterBetterBarter" count="1" craft_area="advancedModWorkbench">
			<ingredient name="resourceRawDiamond" count="5"/>
			<ingredient name="modArmorBetterBarter" count="5"/>
		</recipe>
		
		<recipe name="modArmorMasterDaringAdventurer" count="1" craft_area="advancedModWorkbench">
			<ingredient name="resourceRawDiamond" count="4"/>
			<ingredient name="modArmorDaringAdventurer" count="4"/>
		</recipe>
		
		<recipe name="modArmorMasterCharismaticNature" count="1" craft_area="advancedModWorkbench">
			<ingredient name="resourceRawDiamond" count="4"/>
			<ingredient name="modArmorCharismaticNature" count="4"/>
		</recipe>
		
		<recipe name="modArmorMasterPhysician" count="1" craft_area="advancedModWorkbench">
			<ingredient name="resourceRawDiamond" count="4"/>
			<ingredient name="modArmorPhysician" count="4"/>
		</recipe>
		
		<recipe name="modArmorMasterAdvancedEngineering" count="1" craft_area="advancedModWorkbench">
			<ingredient name="resourceRawDiamond" count="5"/>
			<ingredient name="modArmorAdvancedEngineering" count="5"/>
		</recipe>
		
		<recipe name="modArmorMasterGreaseMonkey" count="1" craft_area="advancedModWorkbench">
			<ingredient name="resourceRawDiamond" count="5"/>
			<ingredient name="modArmorGreaseMonkey" count="5"/>
		</recipe>
		
		<!-- modMeleeFoldedDiamondSteelEdge -->
		<recipe name="modMeleeFoldedDiamondSteelEdge" count="1" craft_area="workbench" tags="learnable">
			<ingredient name="resourceRawDiamond" count="1"/>
			<ingredient name="resourceForgedSteel" count="10"/>
			<ingredient name="resourceCoal" count="10"/>
		</recipe>
	</append>
</config>