<config>
	<append xpath="/traders/trader_item_groups/trader_item_group[@name='modArmorT1']">
		<item name="modArmorDeadEye"/>
		<item name="modArmorDemolitionsExpert"/>
		<item name="modArmorLockPicking"/>
		<item name="modArmorInfiltrator"/>
		<item name="modArmorAnimalTracker"/>
		<item name="modArmorPenetrator"/>
		<item name="modArmorLuckyLooter"/>
		<item name="modArmorTreasureHunter"/>
		<item name="modArmorSalvageOperations"/>
		<item name="modArmorBoomstick"/>
		<item name="modArmorPummelPete"/>
		<item name="modArmorSkullCrusher"/>
		<item name="modArmorSexualTyrannosaurus"/>
		<item name="modArmorHeavyArmor"/>
		<item name="modArmorPackMule"/>
		<item name="modArmorMasterChef"/>
		<item name="modArmorMiner69er"/>
		<item name="modArmorMotherLode"/>
		<item name="modArmorTheBrawler"/>
		<item name="modArmorMachineGunner"/>
		<item name="modArmorTheHuntsman"/>
		<item name="modArmorWellInsulated"/>
		<item name="modArmorLivingOffTheLand"/>
		<item name="modArmorPainTolerance"/>
		<item name="modArmorHealingFactor"/>
		<item name="modArmorIronGut"/>
		<item name="modArmorRule1Cardio"/>
		<item name="modArmorArchery"/>
		<item name="modArmorGunslinger"/>
		<item name="modArmorDeepCuts"/>
		<item name="modArmorRunAndGun"/>
		<item name="modArmorFlurryOfBlows"/>
		<item name="modArmorLightArmor"/>
		<item name="modArmorParkour"/>
		<item name="modArmorHiddenStrike"/>
		<item name="modArmorFromTheShadows"/>
		<item name="modArmorElectrocutioner"/>
		<item name="modArmorRoboticsMaster"/>
		<item name="modArmorBetterBarter"/>
		<item name="modArmorDaringAdventurer"/>
		<item name="modArmorCharismaticNature"/>
		<item name="modArmorPhysician"/>
		<item name="modArmorAdvancedEngineering"/>
		<item name="modArmorGreaseMonkey"/>
		<item name="modArmorJavelinMaster"/>
		<item name="modArmorSexualTyrannosaurus"/>
	</append>	
	
	<append xpath="/traders/trader_item_groups/trader_item_group[@name='modArmorT2']">
		<item name="modArmorDeadEye"/>
		<item name="modArmorDemolitionsExpert"/>
		<item name="modArmorLockPicking"/>
		<item name="modArmorInfiltrator"/>
		<item name="modArmorAnimalTracker"/>
		<item name="modArmorPenetrator"/>
		<item name="modArmorLuckyLooter"/>
		<item name="modArmorTreasureHunter"/>
		<item name="modArmorSalvageOperations"/>
		<item name="modArmorBoomstick"/>
		<item name="modArmorPummelPete"/>
		<item name="modArmorSkullCrusher"/>
		<item name="modArmorSexualTyrannosaurus"/>
		<item name="modArmorHeavyArmor"/>
		<item name="modArmorPackMule"/>
		<item name="modArmorMasterChef"/>
		<item name="modArmorMiner69er"/>
		<item name="modArmorMotherLode"/>
		<item name="modArmorTheBrawler"/>
		<item name="modArmorMachineGunner"/>
		<item name="modArmorTheHuntsman"/>
		<item name="modArmorWellInsulated"/>
		<item name="modArmorLivingOffTheLand"/>
		<item name="modArmorPainTolerance"/>
		<item name="modArmorHealingFactor"/>
		<item name="modArmorIronGut"/>
		<item name="modArmorRule1Cardio"/>
		<item name="modArmorArchery"/>
		<item name="modArmorGunslinger"/>
		<item name="modArmorDeepCuts"/>
		<item name="modArmorRunAndGun"/>
		<item name="modArmorFlurryOfBlows"/>
		<item name="modArmorLightArmor"/>
		<item name="modArmorParkour"/>
		<item name="modArmorHiddenStrike"/>
		<item name="modArmorFromTheShadows"/>
		<item name="modArmorElectrocutioner"/>
		<item name="modArmorRoboticsMaster"/>
		<item name="modArmorBetterBarter"/>
		<item name="modArmorDaringAdventurer"/>
		<item name="modArmorCharismaticNature"/>
		<item name="modArmorPhysician"/>
		<item name="modArmorAdvancedEngineering"/>
		<item name="modArmorGreaseMonkey"/>
		<item name="modArmorJavelinMaster"/>
		<item name="modArmorSexualTyrannosaurus"/>
	</append>	
	
	<append xpath="/traders/trader_item_groups/trader_item_group[@name='modArmorT3']">
		<item name="modArmorDeadEye"/>
		<item name="modArmorDemolitionsExpert"/>
		<item name="modArmorLockPicking"/>
		<item name="modArmorInfiltrator"/>
		<item name="modArmorAnimalTracker"/>
		<item name="modArmorPenetrator"/>
		<item name="modArmorLuckyLooter"/>
		<item name="modArmorTreasureHunter"/>
		<item name="modArmorSalvageOperations"/>
		<item name="modArmorBoomstick"/>
		<item name="modArmorPummelPete"/>
		<item name="modArmorSkullCrusher"/>
		<item name="modArmorSexualTyrannosaurus"/>
		<item name="modArmorHeavyArmor"/>
		<item name="modArmorPackMule"/>
		<item name="modArmorMasterChef"/>
		<item name="modArmorMiner69er"/>
		<item name="modArmorMotherLode"/>
		<item name="modArmorTheBrawler"/>
		<item name="modArmorMachineGunner"/>
		<item name="modArmorTheHuntsman"/>
		<item name="modArmorWellInsulated"/>
		<item name="modArmorLivingOffTheLand"/>
		<item name="modArmorPainTolerance"/>
		<item name="modArmorHealingFactor"/>
		<item name="modArmorIronGut"/>
		<item name="modArmorRule1Cardio"/>
		<item name="modArmorArchery"/>
		<item name="modArmorGunslinger"/>
		<item name="modArmorDeepCuts"/>
		<item name="modArmorRunAndGun"/>
		<item name="modArmorFlurryOfBlows"/>
		<item name="modArmorLightArmor"/>
		<item name="modArmorParkour"/>
		<item name="modArmorHiddenStrike"/>
		<item name="modArmorFromTheShadows"/>
		<item name="modArmorElectrocutioner"/>
		<item name="modArmorRoboticsMaster"/>
		<item name="modArmorBetterBarter"/>
		<item name="modArmorDaringAdventurer"/>
		<item name="modArmorCharismaticNature"/>
		<item name="modArmorPhysician"/>
		<item name="modArmorAdvancedEngineering"/>
		<item name="modArmorGreaseMonkey"/>
		<item name="modArmorJavelinMaster"/>
		<item name="modArmorSexualTyrannosaurus"/>
	</append>	

</config>